XR,R,G,bestF,avgF
1,1,0,78.0,122.658
1,1,1,81.0,120.048
1,1,2,72.0,116.436
1,1,3,69.0,113.97
1,1,4,63.0,112.578
1,1,5,66.0,112.05
1,1,6,69.0,110.106
1,1,7,63.0,107.646
1,1,8,66.0,105.378
1,1,9,57.0,104.136
1,1,10,63.0,103.662
1,1,11,69.0,101.448
1,1,12,45.0,100.092
1,1,13,57.0,99.714
1,1,14,57.0,99.402
1,1,15,60.0,97.632
1,1,16,57.0,97.092
1,1,17,57.0,95.952
1,1,18,54.0,95.388
1,1,19,57.0,94.794
1,1,20,51.0,91.992
1,1,21,51.0,89.598
1,1,22,48.0,87.414
1,1,23,45.0,87.654
1,1,24,48.0,86.46
1,1,25,51.0,85.266
1,1,26,39.0,83.376
1,1,27,42.0,82.146
1,1,28,45.0,80.352
1,1,29,42.0,79.812
1,1,30,42.0,78.69
1,1,31,36.0,79.098
1,1,32,45.0,78.264
1,1,33,39.0,77.502
1,1,34,48.0,76.908
1,1,35,42.0,75.516
1,1,36,39.0,74.742
1,1,37,36.0,74.31
1,1,38,42.0,73.62
1,1,39,42.0,72.912
1,1,40,36.0,71.868
1,1,41,39.0,72.132
1,1,42,39.0,71.892
1,1,43,36.0,71.586
1,1,44,39.0,71.694
1,1,45,36.0,70.932
1,1,46,33.0,70.812
1,1,47,33.0,69.108
1,1,48,39.0,68.94
1,1,49,33.0,67.974
1,1,50,33.0,68.886
1,1,51,33.0,68.694
1,1,52,33.0,66.852
1,1,53,33.0,65.898
1,1,54,36.0,66.528
1,1,55,33.0,65.004
1,1,56,30.0,63.588
1,1,57,30.0,62.94
1,1,58,30.0,63.75
1,1,59,30.0,64.488
1,1,60,33.0,63.612
1,1,61,30.0,63.546
1,1,62,36.0,63.42
1,1,63,30.0,62.016
1,1,64,33.0,61.272
1,1,65,30.0,61.488
1,1,66,30.0,61.392
1,1,67,24.0,61.32
1,1,68,30.0,60.54
1,1,69,27.0,59.772
1,1,70,18.0,59.178
1,1,71,24.0,57.984
1,1,72,27.0,58.602
1,1,73,21.0,58.242
1,1,74,27.0,56.916
1,1,75,27.0,57.402
1,1,76,27.0,57.252
1,1,77,21.0,57.096
1,1,78,21.0,55.392
1,1,79,21.0,55.116
1,1,80,24.0,54.63
1,1,81,30.0,56.154
1,1,82,24.0,56.004
1,1,83,18.0,55.89
1,1,84,18.0,54.738
1,1,85,21.0,55.248
1,1,86,27.0,54.57
1,1,87,21.0,53.298
1,1,88,18.0,53.232
1,1,89,9.0,52.716
1,1,90,21.0,52.866
1,1,91,18.0,52.152
1,1,92,18.0,51.984
1,1,93,24.0,52.308
1,1,94,18.0,51.744
1,1,95,21.0,51.612
1,1,96,21.0,52.512
1,1,97,24.0,52.104
1,1,98,18.0,51.222
1,1,99,24.0,50.802
1,1,100,12.0,49.32
1,1,101,21.0,49.506
1,1,102,21.0,49.122
1,1,103,21.0,48.54
1,1,104,18.0,48.99
1,1,105,18.0,47.364
1,1,106,15.0,46.326
1,1,107,18.0,46.224
1,1,108,15.0,46.878
1,1,109,15.0,47.106
1,1,110,15.0,47.838
1,1,111,18.0,47.766
1,1,112,18.0,46.572
1,1,113,12.0,46.734
1,1,114,24.0,46.56
1,1,115,15.0,46.032
1,1,116,18.0,46.902
1,1,117,18.0,46.548
1,1,118,18.0,45.894
1,1,119,15.0,45.144
1,1,120,15.0,45.528
1,1,121,18.0,45.336
1,1,122,15.0,45.594
1,1,123,15.0,45.654
1,1,124,12.0,45.474
1,1,125,15.0,44.82
1,1,126,18.0,44.58
1,1,127,15.0,43.542
1,1,128,15.0,43.518
1,1,129,15.0,43.128
1,1,130,12.0,42.912
1,1,131,15.0,42.744
1,1,132,12.0,42.828
1,1,133,15.0,42.846
1,1,134,18.0,42.102
1,1,135,15.0,41.934
1,1,136,15.0,41.856
1,1,137,15.0,41.844
1,1,138,15.0,42.612
1,1,139,15.0,41.25
1,1,140,12.0,41.508
1,1,141,15.0,42.258
1,1,142,12.0,42.588
1,1,143,15.0,42.162
1,1,144,15.0,42.042
1,1,145,18.0,42.066
1,1,146,15.0,41.598
1,1,147,15.0,42.096
1,1,148,15.0,42.0
1,1,149,18.0,42.384
1,1,150,12.0,42.342
1,1,151,12.0,41.382
1,1,152,12.0,41.892
1,1,153,12.0,41.304
1,1,154,12.0,40.824
1,1,155,18.0,41.202
1,1,156,15.0,41.502
1,1,157,18.0,41.976
1,1,158,15.0,41.742
1,1,159,15.0,40.368
1,1,160,15.0,40.902
1,1,161,15.0,41.178
1,1,162,15.0,40.056
1,1,163,12.0,39.882
1,1,164,12.0,39.924
1,1,165,12.0,39.45
1,1,166,9.0,38.826
1,1,167,9.0,39.528
1,1,168,15.0,39.39
1,1,169,9.0,39.588
1,1,170,12.0,39.126
1,1,171,12.0,38.514
1,1,172,12.0,39.216
1,1,173,12.0,38.76
1,1,174,15.0,39.042
1,1,175,12.0,38.724
1,1,176,12.0,37.86
1,1,177,9.0,38.004
1,1,178,12.0,38.016
1,1,179,9.0,39.15
1,1,180,12.0,39.66
1,1,181,18.0,40.458
1,1,182,12.0,40.878
1,1,183,15.0,39.858
1,1,184,12.0,40.158
1,1,185,12.0,40.506
1,1,186,12.0,41.13
1,1,187,15.0,39.99
1,1,188,12.0,39.942
1,1,189,12.0,40.164
1,1,190,15.0,39.378
1,1,191,12.0,40.032
1,1,192,9.0,40.026
1,1,193,12.0,40.758
1,1,194,9.0,40.11
1,1,195,9.0,40.356
1,1,196,12.0,40.554
1,1,197,12.0,39.456
1,1,198,12.0,39.138
1,1,199,9.0,38.37
1,1,200,9.0,38.832
1,1,201,12.0,38.7
1,1,202,12.0,38.226
1,1,203,12.0,38.61
1,1,204,9.0,39.522
1,1,205,9.0,38.352
1,1,206,12.0,38.154
1,1,207,9.0,38.19
1,1,208,15.0,37.782
1,1,209,12.0,38.526
1,1,210,12.0,37.584
1,1,211,12.0,38.862
1,1,212,9.0,39.366
1,1,213,15.0,39.408
1,1,214,12.0,39.234
1,1,215,9.0,39.69
1,1,216,12.0,39.6
1,1,217,15.0,39.072
1,1,218,12.0,38.79
1,1,219,12.0,38.856
1,1,220,12.0,38.268
1,1,221,12.0,39.036
1,1,222,12.0,38.58
1,1,223,12.0,38.664
1,1,224,12.0,38.418
1,1,225,6.0,38.112
1,1,226,9.0,38.748
1,1,227,12.0,38.742
1,1,228,12.0,38.376
1,1,229,12.0,37.89
1,1,230,12.0,38.484
1,1,231,12.0,38.904
1,1,232,12.0,37.668
1,1,233,12.0,38.898
1,1,234,9.0,37.842
1,1,235,12.0,38.952
1,1,236,12.0,38.1
1,1,237,12.0,39.0
1,1,238,15.0,39.558
1,1,239,6.0,39.03
1,1,240,12.0,39.006
1,1,241,9.0,39.366
1,1,242,12.0,38.142
1,1,243,9.0,38.526
1,1,244,15.0,38.958
1,1,245,15.0,38.25
1,1,246,12.0,37.272
1,1,247,12.0,37.266
1,1,248,9.0,37.32
1,1,249,9.0,37.998
1,1,250,9.0,37.968
1,1,251,12.0,38.112
1,1,252,12.0,37.266
1,1,253,9.0,37.686
1,1,254,9.0,37.83
1,1,255,12.0,37.938
1,1,256,12.0,38.562
1,1,257,12.0,38.172
1,1,258,12.0,37.752
1,1,259,12.0,37.716
1,1,260,12.0,37.746
1,1,261,9.0,37.62
1,1,262,9.0,37.392
1,1,263,9.0,37.53
1,1,264,12.0,38.538
1,1,265,9.0,37.662
1,1,266,12.0,37.302
1,1,267,6.0,37.122
1,1,268,9.0,36.756
1,1,269,9.0,35.55
1,1,270,9.0,36.036
1,1,271,9.0,37.362
1,1,272,9.0,37.776
1,1,273,9.0,39.09
1,1,274,6.0,38.892
1,1,275,12.0,38.364
1,1,276,9.0,38.868
1,1,277,9.0,40.26
1,1,278,12.0,40.902
1,1,279,15.0,40.998
1,1,280,9.0,40.842
1,1,281,9.0,40.368
1,1,282,15.0,41.352
1,1,283,15.0,42.216
1,1,284,12.0,42.87
1,1,285,15.0,42.588
1,1,286,18.0,43.026
1,1,287,12.0,41.82
1,1,288,12.0,40.758
1,1,289,12.0,40.23
1,1,290,15.0,40.254
1,1,291,9.0,39.918
1,1,292,15.0,39.774
1,1,293,12.0,38.976
1,1,294,12.0,38.67
1,1,295,12.0,38.268
1,1,296,12.0,37.248
1,1,297,12.0,37.914
1,1,298,12.0,37.968
1,1,299,12.0,37.458
1,1,300,9.0,37.332
1,1,301,9.0,37.452
1,1,302,9.0,37.506
1,1,303,12.0,37.392
1,1,304,9.0,38.664
1,1,305,9.0,38.25
1,1,306,12.0,38.004
1,1,307,15.0,38.634
1,1,308,12.0,38.97
1,1,309,12.0,38.406
1,1,310,12.0,38.682
1,1,311,12.0,38.064
1,1,312,12.0,37.722
1,1,313,12.0,37.716
1,1,314,9.0,37.794
1,1,315,12.0,37.182
1,1,316,12.0,37.716
1,1,317,6.0,37.866
1,1,318,9.0,38.172
1,1,319,12.0,37.968
1,1,320,6.0,38.838
1,1,321,9.0,38.496
1,1,322,12.0,38.946
1,1,323,9.0,38.364
1,1,324,9.0,37.26
1,1,325,9.0,37.506
1,1,326,12.0,38.532
1,1,327,9.0,39.252
1,1,328,12.0,39.06
1,1,329,9.0,38.862
1,1,330,9.0,38.394
1,1,331,12.0,38.736
1,1,332,12.0,39.156
1,1,333,12.0,39.336
1,1,334,15.0,38.802
1,1,335,12.0,38.526
1,1,336,9.0,39.492
1,1,337,12.0,39.312
1,1,338,6.0,39.102
1,1,339,9.0,39.894
1,1,340,12.0,40.356
1,1,341,15.0,40.26
1,1,342,12.0,39.486
1,1,343,12.0,39.78
1,1,344,9.0,39.522
1,1,345,9.0,39.078
1,1,346,15.0,39.648
1,1,347,9.0,39.876
1,1,348,6.0,38.574
1,1,349,12.0,38.634
1,1,350,9.0,38.436
1,1,351,12.0,38.43
1,1,352,12.0,38.328
1,1,353,12.0,37.938
1,1,354,15.0,38.382
1,1,355,12.0,37.95
1,1,356,12.0,38.49
1,1,357,12.0,37.482
1,1,358,12.0,39.192
1,1,359,12.0,39.084
1,1,360,12.0,38.688
1,1,361,12.0,37.92
1,1,362,9.0,37.23
1,1,363,15.0,37.338
1,1,364,6.0,36.456
1,1,365,6.0,37.398
1,1,366,12.0,37.23
1,1,367,9.0,37.884
1,1,368,12.0,37.14
1,1,369,15.0,37.086
1,1,370,9.0,37.314
1,1,371,12.0,38.016
1,1,372,12.0,38.304
1,1,373,12.0,39.03
1,1,374,12.0,37.656
1,1,375,6.0,37.668
1,1,376,9.0,37.752
1,1,377,12.0,38.328
1,1,378,15.0,38.64
1,1,379,12.0,38.988
1,1,380,12.0,39.84
1,1,381,15.0,39.834
1,1,382,15.0,40.656
1,1,383,9.0,40.854
1,1,384,12.0,40.362
1,1,385,9.0,40.68
1,1,386,9.0,40.68
1,1,387,15.0,40.044
1,1,388,12.0,39.606
1,1,389,15.0,38.742
1,1,390,9.0,38.844
1,1,391,6.0,38.064
1,1,392,12.0,37.182
1,1,393,9.0,37.194
1,1,394,9.0,36.444
1,1,395,12.0,36.144
1,1,396,12.0,35.292
1,1,397,6.0,35.658
1,1,398,9.0,35.07
1,1,399,12.0,36.126
1,1,400,12.0,36.39
1,1,401,6.0,35.982
1,1,402,6.0,36.288
1,1,403,12.0,35.64
1,1,404,9.0,35.736
1,1,405,12.0,35.244
1,1,406,12.0,36.042
1,1,407,9.0,37.116
1,1,408,12.0,37.962
1,1,409,12.0,38.022
1,1,410,9.0,38.028
1,1,411,9.0,39.12
1,1,412,12.0,39.504
1,1,413,12.0,39.75
1,1,414,12.0,40.65
1,1,415,12.0,40.77
1,1,416,12.0,40.638
1,1,417,15.0,39.894
1,1,418,9.0,40.32
1,1,419,12.0,39.714
1,1,420,12.0,39.402
1,1,421,12.0,39.588
1,1,422,15.0,40.152
1,1,423,15.0,39.366
1,1,424,12.0,39.696
1,1,425,15.0,39.51
1,1,426,12.0,39.276
1,1,427,12.0,38.07
1,1,428,12.0,38.082
1,1,429,12.0,37.332
1,1,430,12.0,37.338
1,1,431,9.0,37.08
1,1,432,9.0,37.218
1,1,433,9.0,36.624
1,1,434,12.0,36.198
1,1,435,12.0,36.768
1,1,436,12.0,37.128
1,1,437,9.0,38.592
1,1,438,12.0,37.932
1,1,439,12.0,38.562
1,1,440,12.0,38.586
1,1,441,12.0,38.652
1,1,442,12.0,37.5
1,1,443,9.0,37.686
1,1,444,12.0,36.552
1,1,445,12.0,36.534
1,1,446,12.0,36.72
1,1,447,12.0,36.21
1,1,448,9.0,35.646
1,1,449,12.0,35.79
1,1,450,12.0,35.58
1,1,451,12.0,35.916
1,1,452,12.0,37.482
1,1,453,12.0,36.984
1,1,454,12.0,35.976
1,1,455,9.0,35.934
1,1,456,12.0,35.718
1,1,457,9.0,35.958
1,1,458,6.0,35.028
1,1,459,12.0,35.664
1,1,460,12.0,35.274
1,1,461,6.0,36.228
1,1,462,9.0,35.652
1,1,463,12.0,35.982
1,1,464,12.0,36.42
1,1,465,12.0,36.138
1,1,466,12.0,35.718
1,1,467,9.0,35.166
1,1,468,9.0,35.544
1,1,469,12.0,35.526
1,1,470,9.0,35.514
1,1,471,9.0,35.814
1,1,472,9.0,36.246
1,1,473,9.0,35.664
1,1,474,9.0,35.88
1,1,475,6.0,35.616
1,1,476,12.0,35.112
1,1,477,9.0,34.482
1,1,478,6.0,34.698
1,1,479,9.0,34.632
1,1,480,9.0,35.088
1,1,481,6.0,34.242
1,1,482,12.0,34.812
1,1,483,9.0,35.304
1,1,484,9.0,35.136
1,1,485,12.0,35.094
1,1,486,9.0,36.108
1,1,487,9.0,36.828
1,1,488,12.0,36.942
1,1,489,9.0,37.332
1,1,490,12.0,37.998
1,1,491,12.0,37.29
1,1,492,15.0,38.106
1,1,493,9.0,36.588
1,1,494,12.0,36.864
1,1,495,15.0,36.552
1,1,496,12.0,37.002
1,1,497,12.0,36.372
1,1,498,9.0,35.886
1,1,499,9.0,35.244
1,2,0,78.0,121.638
1,2,1,75.0,119.628
1,2,2,69.0,117.03
1,2,3,66.0,115.722
1,2,4,63.0,113.004
1,2,5,69.0,112.23
1,2,6,66.0,109.962
1,2,7,66.0,109.308
1,2,8,66.0,109.518
1,2,9,57.0,107.406
1,2,10,63.0,105.378
1,2,11,66.0,104.85
1,2,12,63.0,104.622
1,2,13,66.0,103.092
1,2,14,66.0,102.492
1,2,15,60.0,101.808
1,2,16,57.0,99.45
1,2,17,51.0,97.512
1,2,18,51.0,96.492
1,2,19,48.0,95.304
1,2,20,51.0,93.654
1,2,21,51.0,93.684
1,2,22,54.0,93.27
1,2,23,51.0,91.944
1,2,24,54.0,90.846
1,2,25,51.0,89.928
1,2,26,45.0,90.036
1,2,27,48.0,88.254
1,2,28,48.0,87.768
1,2,29,54.0,85.122
1,2,30,48.0,85.734
1,2,31,45.0,83.958
1,2,32,45.0,83.034
1,2,33,42.0,81.06
1,2,34,36.0,80.496
1,2,35,48.0,80.274
1,2,36,42.0,79.44
1,2,37,48.0,77.862
1,2,38,39.0,76.8
1,2,39,48.0,75.204
1,2,40,42.0,75.786
1,2,41,42.0,74.742
1,2,42,42.0,73.2
1,2,43,33.0,72.792
1,2,44,36.0,71.424
1,2,45,36.0,70.998
1,2,46,33.0,71.298
1,2,47,39.0,71.568
1,2,48,33.0,70.17
1,2,49,36.0,70.254
1,2,50,33.0,69.258
1,2,51,39.0,69.9
1,2,52,39.0,70.68
1,2,53,27.0,69.468
1,2,54,33.0,70.152
1,2,55,30.0,69.27
1,2,56,39.0,67.956
1,2,57,36.0,67.092
1,2,58,33.0,67.056
1,2,59,33.0,66.204
1,2,60,33.0,67.074
1,2,61,36.0,67.344
1,2,62,36.0,65.46
1,2,63,33.0,64.632
1,2,64,24.0,63.924
1,2,65,33.0,64.494
1,2,66,18.0,62.94
1,2,67,27.0,63.45
1,2,68,33.0,62.424
1,2,69,30.0,62.34
1,2,70,33.0,61.59
1,2,71,33.0,61.872
1,2,72,30.0,61.584
1,2,73,33.0,61.284
1,2,74,33.0,61.836
1,2,75,27.0,60.636
1,2,76,30.0,60.642
1,2,77,30.0,61.176
1,2,78,33.0,60.696
1,2,79,27.0,60.204
1,2,80,30.0,60.408
1,2,81,24.0,60.21
1,2,82,30.0,59.676
1,2,83,24.0,58.734
1,2,84,24.0,58.146
1,2,85,27.0,57.948
1,2,86,27.0,56.97
1,2,87,27.0,57.246
1,2,88,27.0,56.25
1,2,89,21.0,55.146
1,2,90,24.0,56.028
1,2,91,27.0,55.206
1,2,92,21.0,54.366
1,2,93,27.0,53.952
1,2,94,24.0,53.22
1,2,95,24.0,51.69
1,2,96,18.0,51.39
1,2,97,24.0,51.756
1,2,98,24.0,51.768
1,2,99,18.0,52.29
1,2,100,21.0,51.696
1,2,101,27.0,52.296
1,2,102,24.0,52.32
1,2,103,24.0,52.704
1,2,104,21.0,53.124
1,2,105,15.0,52.86
1,2,106,21.0,51.378
1,2,107,24.0,50.352
1,2,108,18.0,49.902
1,2,109,18.0,49.992
1,2,110,21.0,49.758
1,2,111,18.0,47.778
1,2,112,21.0,47.934
1,2,113,15.0,48.354
1,2,114,21.0,47.79
1,2,115,21.0,47.478
1,2,116,18.0,46.98
1,2,117,15.0,46.11
1,2,118,15.0,46.788
1,2,119,21.0,46.206
1,2,120,21.0,47.154
1,2,121,18.0,46.554
1,2,122,12.0,46.47
1,2,123,12.0,47.25
1,2,124,18.0,47.484
1,2,125,18.0,46.65
1,2,126,21.0,47.136
1,2,127,18.0,46.38
1,2,128,15.0,45.69
1,2,129,15.0,44.988
1,2,130,18.0,44.37
1,2,131,15.0,43.656
1,2,132,15.0,43.254
1,2,133,15.0,43.812
1,2,134,15.0,43.68
1,2,135,18.0,43.686
1,2,136,15.0,42.906
1,2,137,15.0,43.152
1,2,138,12.0,42.816
1,2,139,12.0,42.87
1,2,140,12.0,43.452
1,2,141,18.0,42.9
1,2,142,18.0,42.468
1,2,143,15.0,42.438
1,2,144,12.0,42.612
1,2,145,15.0,42.312
1,2,146,15.0,42.066
1,2,147,15.0,41.484
1,2,148,12.0,41.676
1,2,149,15.0,41.7
1,2,150,15.0,41.52
1,2,151,12.0,41.658
1,2,152,9.0,41.268
1,2,153,12.0,40.95
1,2,154,12.0,41.064
1,2,155,9.0,41.844
1,2,156,15.0,42.678
1,2,157,15.0,42.282
1,2,158,12.0,42.408
1,2,159,12.0,41.388
1,2,160,15.0,40.89
1,2,161,9.0,41.244
1,2,162,15.0,40.266
1,2,163,15.0,39.312
1,2,164,6.0,38.634
1,2,165,12.0,38.262
1,2,166,12.0,38.79
1,2,167,12.0,38.994
1,2,168,12.0,38.766
1,2,169,12.0,38.466
1,2,170,12.0,38.112
1,2,171,9.0,39.366
1,2,172,9.0,39.342
1,2,173,12.0,38.7
1,2,174,9.0,39.732
1,2,175,9.0,38.52
1,2,176,12.0,37.908
1,2,177,9.0,37.746
1,2,178,15.0,38.706
1,2,179,15.0,38.598
1,2,180,15.0,38.19
1,2,181,15.0,38.61
1,2,182,9.0,38.82
1,2,183,9.0,39.654
1,2,184,9.0,39.57
1,2,185,12.0,38.76
1,2,186,12.0,38.376
1,2,187,15.0,38.586
1,2,188,9.0,38.562
1,2,189,12.0,38.496
1,2,190,12.0,38.34
1,2,191,9.0,37.914
1,2,192,9.0,37.92
1,2,193,12.0,37.722
1,2,194,12.0,38.658
1,2,195,12.0,38.214
1,2,196,9.0,38.844
1,2,197,12.0,38.88
1,2,198,9.0,37.944
1,2,199,12.0,38.202
1,2,200,9.0,38.844
1,2,201,9.0,36.354
1,2,202,12.0,36.936
1,2,203,9.0,37.884
1,2,204,9.0,38.016
1,2,205,12.0,38.334
1,2,206,12.0,38.22
1,2,207,12.0,38.436
1,2,208,9.0,38.49
1,2,209,9.0,38.022
1,2,210,6.0,39.18
1,2,211,12.0,38.982
1,2,212,12.0,39.942
1,2,213,12.0,39.54
1,2,214,12.0,39.456
1,2,215,9.0,38.484
1,2,216,12.0,39.69
1,2,217,12.0,39.918
1,2,218,12.0,39.954
1,2,219,12.0,40.002
1,2,220,9.0,40.542
1,2,221,6.0,40.23
1,2,222,12.0,39.936
1,2,223,9.0,40.314
1,2,224,12.0,40.314
1,2,225,9.0,41.034
1,2,226,9.0,41.172
1,2,227,6.0,40.074
1,2,228,9.0,40.116
1,2,229,9.0,40.5
1,2,230,9.0,40.308
1,2,231,12.0,39.96
1,2,232,9.0,39.648
1,2,233,12.0,39.024
1,2,234,12.0,38.826
1,2,235,9.0,39.384
1,2,236,9.0,38.76
1,2,237,9.0,37.65
1,2,238,9.0,38.076
1,2,239,6.0,37.374
1,2,240,9.0,38.694
1,2,241,15.0,38.412
1,2,242,9.0,37.884
1,2,243,6.0,38.538
1,2,244,12.0,38.694
1,2,245,12.0,37.368
1,2,246,12.0,37.662
1,2,247,9.0,38.262
1,2,248,12.0,38.766
1,2,249,9.0,38.826
1,2,250,9.0,37.314
1,2,251,6.0,37.542
1,2,252,9.0,36.288
1,2,253,9.0,36.198
1,2,254,9.0,35.814
1,2,255,9.0,36.066
1,2,256,9.0,36.006
1,2,257,9.0,36.258
1,2,258,9.0,36.654
1,2,259,9.0,36.672
1,2,260,9.0,36.714
1,2,261,12.0,36.708
1,2,262,6.0,35.688
1,2,263,9.0,34.716
1,2,264,6.0,35.61
1,2,265,6.0,34.524
1,2,266,9.0,34.608
1,2,267,9.0,34.758
1,2,268,9.0,36.216
1,2,269,6.0,35.916
1,2,270,12.0,36.306
1,2,271,12.0,35.622
1,2,272,9.0,35.724
1,2,273,9.0,36.144
1,2,274,6.0,35.484
1,2,275,9.0,35.796
1,2,276,9.0,36.414
1,2,277,9.0,35.982
1,2,278,12.0,36.444
1,2,279,9.0,36.168
1,2,280,9.0,36.222
1,2,281,9.0,36.528
1,2,282,9.0,37.344
1,2,283,12.0,38.352
1,2,284,9.0,37.998
1,2,285,12.0,38.166
1,2,286,12.0,38.184
1,2,287,9.0,38.658
1,2,288,9.0,38.286
1,2,289,9.0,37.35
1,2,290,9.0,37.764
1,2,291,9.0,38.196
1,2,292,9.0,37.77
1,2,293,9.0,37.23
1,2,294,9.0,36.942
1,2,295,6.0,37.908
1,2,296,6.0,37.866
1,2,297,9.0,37.41
1,2,298,6.0,36.684
1,2,299,12.0,36.546
1,2,300,9.0,35.202
1,2,301,9.0,36.27
1,2,302,12.0,36.654
1,2,303,9.0,35.796
1,2,304,9.0,35.28
1,2,305,3.0,35.388
1,2,306,9.0,35.34
1,2,307,6.0,34.824
1,2,308,3.0,34.974
1,2,309,3.0,35.124
1,2,310,9.0,35.268
1,2,311,9.0,35.148
1,2,312,9.0,35.244
1,2,313,6.0,35.316
1,2,314,9.0,35.832
1,2,315,6.0,35.712
1,2,316,6.0,35.088
1,2,317,9.0,35.658
1,2,318,9.0,35.802
1,2,319,6.0,35.586
1,2,320,3.0,35.328
1,2,321,6.0,34.782
1,2,322,9.0,34.014
1,2,323,6.0,35.406
1,2,324,9.0,34.758
1,2,325,9.0,35.394
1,2,326,9.0,34.992
1,2,327,9.0,35.106
1,2,328,9.0,34.722
1,2,329,9.0,34.482
1,2,330,3.0,34.644
1,2,331,9.0,35.13
1,2,332,9.0,36.132
1,2,333,9.0,35.316
1,2,334,9.0,34.254
1,2,335,6.0,34.218
1,2,336,6.0,33.528
1,2,337,6.0,32.484
1,2,338,3.0,32.628
1,2,339,3.0,33.096
1,2,340,3.0,32.4
1,2,341,3.0,31.764
1,2,342,9.0,32.112
1,2,343,6.0,32.7
1,2,344,6.0,32.964
1,2,345,6.0,32.778
1,2,346,6.0,33.534
1,2,347,6.0,34.68
1,2,348,6.0,34.704
1,2,349,9.0,33.984
1,2,350,3.0,34.308
1,2,351,9.0,34.524
1,2,352,9.0,34.518
1,2,353,9.0,34.764
1,2,354,6.0,35.106
1,2,355,6.0,34.854
1,2,356,3.0,34.848
1,2,357,9.0,34.188
1,2,358,6.0,34.512
1,2,359,9.0,33.894
1,2,360,6.0,33.726
1,2,361,6.0,33.726
1,2,362,9.0,33.174
1,2,363,6.0,32.79
1,2,364,9.0,33.018
1,2,365,6.0,33.54
1,2,366,6.0,34.548
1,2,367,6.0,35.01
1,2,368,9.0,34.482
1,2,369,6.0,35.034
1,2,370,6.0,34.032
1,2,371,6.0,34.578
1,2,372,6.0,34.692
1,2,373,9.0,34.266
1,2,374,6.0,34.638
1,2,375,6.0,35.154
1,2,376,3.0,35.43
1,2,377,6.0,34.23
1,2,378,9.0,35.052
1,2,379,9.0,35.418
1,2,380,6.0,35.076
1,2,381,9.0,34.35
1,2,382,9.0,34.416
1,2,383,6.0,35.118
1,2,384,9.0,34.968
1,2,385,6.0,34.746
1,2,386,9.0,35.238
1,2,387,6.0,34.59
1,2,388,3.0,34.638
1,2,389,6.0,35.79
1,2,390,6.0,35.748
1,2,391,9.0,35.154
1,2,392,9.0,35.25
1,2,393,6.0,35.658
1,2,394,6.0,35.292
1,2,395,9.0,35.796
1,2,396,6.0,35.46
1,2,397,3.0,35.394
1,2,398,6.0,34.416
1,2,399,12.0,34.74
1,2,400,12.0,35.802
1,2,401,9.0,35.01
1,2,402,3.0,35.358
1,2,403,12.0,35.874
1,2,404,9.0,35.658
1,2,405,9.0,35.022
1,2,406,6.0,34.794
1,2,407,9.0,35.562
1,2,408,9.0,35.538
1,2,409,9.0,36.15
1,2,410,9.0,35.64
1,2,411,9.0,36.114
1,2,412,6.0,35.748
1,2,413,9.0,35.256
1,2,414,6.0,34.536
1,2,415,6.0,35.328
1,2,416,9.0,34.998
1,2,417,3.0,34.95
1,2,418,9.0,34.026
1,2,419,9.0,34.332
1,2,420,9.0,34.77
1,2,421,6.0,35.214
1,2,422,6.0,36.39
1,2,423,6.0,36.87
1,2,424,12.0,37.014
1,2,425,6.0,37.164
1,2,426,3.0,36.804
1,2,427,9.0,37.782
1,2,428,9.0,36.804
1,2,429,6.0,38.226
1,2,430,3.0,37.302
1,2,431,9.0,37.05
1,2,432,9.0,36.246
1,2,433,9.0,35.874
1,2,434,9.0,36.102
1,2,435,9.0,36.816
1,2,436,6.0,37.068
1,2,437,9.0,36.744
1,2,438,9.0,37.482
1,2,439,6.0,38.148
1,2,440,6.0,38.178
1,2,441,9.0,36.756
1,2,442,6.0,36.96
1,2,443,9.0,37.17
1,2,444,6.0,37.104
1,2,445,9.0,37.074
1,2,446,9.0,38.292
1,2,447,6.0,36.756
1,2,448,6.0,36.738
1,2,449,9.0,37.176
1,2,450,6.0,36.486
1,2,451,9.0,38.07
1,2,452,6.0,37.764
1,2,453,6.0,38.196
1,2,454,9.0,37.29
1,2,455,6.0,37.692
1,2,456,9.0,37.926
1,2,457,6.0,37.218
1,2,458,9.0,37.122
1,2,459,9.0,36.786
1,2,460,6.0,36.228
1,2,461,3.0,36.408
1,2,462,9.0,37.452
1,2,463,9.0,36.738
1,2,464,9.0,36.696
1,2,465,9.0,37.344
1,2,466,3.0,37.464
1,2,467,6.0,36.798
1,2,468,3.0,35.85
1,2,469,6.0,35.664
1,2,470,9.0,33.804
1,2,471,6.0,34.878
1,2,472,9.0,34.944
1,2,473,6.0,34.452
1,2,474,9.0,35.712
1,2,475,6.0,35.478
1,2,476,6.0,34.542
1,2,477,9.0,36.108
1,2,478,9.0,36.18
1,2,479,9.0,37.206
1,2,480,9.0,37.932
1,2,481,12.0,37.59
1,2,482,12.0,37.812
1,2,483,9.0,36.522
1,2,484,6.0,35.64
1,2,485,6.0,34.452
1,2,486,9.0,34.056
1,2,487,6.0,35.196
1,2,488,9.0,35.118
1,2,489,9.0,35.46
1,2,490,9.0,35.766
1,2,491,6.0,35.562
1,2,492,6.0,35.784
1,2,493,12.0,34.494
1,2,494,6.0,34.332
1,2,495,6.0,33.738
1,2,496,6.0,34.758
1,2,497,9.0,34.65
1,2,498,9.0,35.034
1,2,499,9.0,35.346
1,3,0,60.0,121.71
1,3,1,72.0,120.168
1,3,2,72.0,117.288
1,3,3,69.0,113.802
1,3,4,75.0,113.172
1,3,5,63.0,111.588
1,3,6,66.0,110.454
1,3,7,60.0,109.182
1,3,8,69.0,107.988
1,3,9,48.0,106.152
1,3,10,63.0,103.986
1,3,11,63.0,104.4
1,3,12,57.0,102.63
1,3,13,63.0,102.144
1,3,14,60.0,100.314
1,3,15,54.0,98.268
1,3,16,63.0,97.584
1,3,17,57.0,96.282
1,3,18,60.0,96.468
1,3,19,54.0,94.284
1,3,20,51.0,93.534
1,3,21,54.0,92.19
1,3,22,51.0,90.774
1,3,23,42.0,89.376
1,3,24,51.0,88.476
1,3,25,45.0,87.258
1,3,26,51.0,86.742
1,3,27,54.0,85.992
1,3,28,51.0,84.75
1,3,29,48.0,83.1
1,3,30,45.0,82.686
1,3,31,48.0,81.066
1,3,32,48.0,81.126
1,3,33,39.0,80.31
1,3,34,48.0,80.31
1,3,35,42.0,79.482
1,3,36,42.0,79.11
1,3,37,45.0,78.504
1,3,38,42.0,78.444
1,3,39,33.0,77.268
1,3,40,39.0,76.548
1,3,41,39.0,75.222
1,3,42,39.0,75.126
1,3,43,36.0,74.292
1,3,44,30.0,73.938
1,3,45,42.0,71.22
1,3,46,42.0,71.28
1,3,47,36.0,70.488
1,3,48,42.0,70.386
1,3,49,42.0,69.03
1,3,50,36.0,68.772
1,3,51,36.0,67.908
1,3,52,36.0,67.518
1,3,53,36.0,66.102
1,3,54,30.0,66.156
1,3,55,33.0,67.044
1,3,56,33.0,67.56
1,3,57,36.0,66.9
1,3,58,33.0,65.91
1,3,59,36.0,64.644
1,3,60,33.0,64.848
1,3,61,24.0,64.092
1,3,62,33.0,63.984
1,3,63,33.0,64.428
1,3,64,30.0,64.218
1,3,65,27.0,63.468
1,3,66,30.0,62.922
1,3,67,36.0,62.256
1,3,68,33.0,61.842
1,3,69,36.0,62.082
1,3,70,30.0,61.578
1,3,71,24.0,61.578
1,3,72,27.0,62.196
1,3,73,27.0,61.932
1,3,74,36.0,61.062
1,3,75,27.0,60.666
1,3,76,30.0,60.0
1,3,77,30.0,58.854
1,3,78,27.0,60.084
1,3,79,30.0,59.442
1,3,80,33.0,60.27
1,3,81,27.0,59.196
1,3,82,30.0,58.242
1,3,83,27.0,58.488
1,3,84,24.0,59.094
1,3,85,27.0,57.228
1,3,86,27.0,57.588
1,3,87,30.0,57.816
1,3,88,30.0,57.972
1,3,89,27.0,57.474
1,3,90,27.0,55.974
1,3,91,21.0,55.722
1,3,92,24.0,54.696
1,3,93,24.0,55.152
1,3,94,27.0,54.834
1,3,95,27.0,53.928
1,3,96,27.0,53.334
1,3,97,21.0,53.484
1,3,98,24.0,53.082
1,3,99,18.0,52.398
1,3,100,21.0,52.656
1,3,101,18.0,53.946
1,3,102,24.0,53.136
1,3,103,24.0,53.076
1,3,104,24.0,52.17
1,3,105,24.0,52.656
1,3,106,21.0,52.8
1,3,107,21.0,53.16
1,3,108,18.0,53.1
1,3,109,24.0,53.046
1,3,110,27.0,53.892
1,3,111,24.0,54.09
1,3,112,24.0,53.412
1,3,113,21.0,52.68
1,3,114,24.0,52.08
1,3,115,21.0,52.53
1,3,116,24.0,52.818
1,3,117,24.0,52.068
1,3,118,18.0,51.306
1,3,119,24.0,50.85
1,3,120,24.0,50.622
1,3,121,24.0,50.508
1,3,122,27.0,50.868
1,3,123,27.0,50.988
1,3,124,21.0,49.668
1,3,125,24.0,50.01
1,3,126,21.0,50.82
1,3,127,21.0,50.724
1,3,128,24.0,50.358
1,3,129,15.0,51.138
1,3,130,18.0,50.628
1,3,131,24.0,49.818
1,3,132,24.0,50.352
1,3,133,24.0,51.612
1,3,134,24.0,51.18
1,3,135,24.0,50.844
1,3,136,24.0,51.582
1,3,137,21.0,50.226
1,3,138,24.0,50.724
1,3,139,18.0,49.734
1,3,140,24.0,49.164
1,3,141,15.0,49.254
1,3,142,15.0,49.398
1,3,143,21.0,49.512
1,3,144,21.0,49.524
1,3,145,18.0,49.254
1,3,146,18.0,49.65
1,3,147,24.0,49.17
1,3,148,18.0,49.068
1,3,149,21.0,49.836
1,3,150,21.0,49.632
1,3,151,21.0,49.488
1,3,152,18.0,49.734
1,3,153,18.0,49.368
1,3,154,21.0,49.044
1,3,155,21.0,49.092
1,3,156,21.0,48.474
1,3,157,18.0,47.424
1,3,158,18.0,47.814
1,3,159,18.0,47.04
1,3,160,18.0,47.214
1,3,161,21.0,47.394
1,3,162,18.0,48.834
1,3,163,18.0,49.086
1,3,164,18.0,48.252
1,3,165,24.0,47.748
1,3,166,21.0,48.018
1,3,167,21.0,47.844
1,3,168,21.0,48.132
1,3,169,21.0,47.7
1,3,170,21.0,47.088
1,3,171,15.0,47.112
1,3,172,18.0,46.254
1,3,173,18.0,46.392
1,3,174,15.0,46.38
1,3,175,18.0,45.954
1,3,176,18.0,46.332
1,3,177,15.0,46.05
1,3,178,21.0,47.208
1,3,179,18.0,46.698
1,3,180,18.0,46.536
1,3,181,21.0,46.11
1,3,182,18.0,46.446
1,3,183,18.0,46.944
1,3,184,15.0,46.602
1,3,185,18.0,46.026
1,3,186,18.0,46.59
1,3,187,18.0,45.84
1,3,188,12.0,46.908
1,3,189,21.0,47.562
1,3,190,21.0,47.082
1,3,191,15.0,47.58
1,3,192,18.0,47.91
1,3,193,15.0,47.016
1,3,194,15.0,46.056
1,3,195,18.0,46.08
1,3,196,18.0,46.8
1,3,197,15.0,45.528
1,3,198,15.0,44.634
1,3,199,18.0,43.872
1,3,200,18.0,44.34
1,3,201,15.0,43.482
1,3,202,12.0,44.634
1,3,203,18.0,43.926
1,3,204,18.0,44.01
1,3,205,18.0,43.86
1,3,206,12.0,43.488
1,3,207,15.0,43.626
1,3,208,15.0,44.754
1,3,209,12.0,44.442
1,3,210,15.0,43.806
1,3,211,9.0,43.632
1,3,212,12.0,43.746
1,3,213,18.0,43.926
1,3,214,18.0,44.37
1,3,215,12.0,43.746
1,3,216,12.0,43.596
1,3,217,15.0,43.896
1,3,218,15.0,43.38
1,3,219,18.0,43.5
1,3,220,15.0,43.89
1,3,221,15.0,43.416
1,3,222,15.0,43.29
1,3,223,21.0,43.662
1,3,224,15.0,43.23
1,3,225,15.0,42.48
1,3,226,18.0,43.014
1,3,227,12.0,43.554
1,3,228,15.0,44.256
1,3,229,12.0,42.846
1,3,230,12.0,43.092
1,3,231,15.0,43.068
1,3,232,18.0,43.494
1,3,233,12.0,42.75
1,3,234,12.0,43.218
1,3,235,9.0,43.86
1,3,236,15.0,43.338
1,3,237,12.0,43.14
1,3,238,15.0,43.188
1,3,239,15.0,42.684
1,3,240,15.0,41.934
1,3,241,12.0,40.938
1,3,242,12.0,41.538
1,3,243,12.0,40.932
1,3,244,9.0,40.65
1,3,245,15.0,41.22
1,3,246,12.0,40.752
1,3,247,12.0,41.316
1,3,248,15.0,41.046
1,3,249,12.0,41.262
1,3,250,15.0,41.712
1,3,251,15.0,41.784
1,3,252,15.0,41.274
1,3,253,12.0,41.298
1,3,254,15.0,40.476
1,3,255,12.0,40.224
1,3,256,15.0,40.71
1,3,257,12.0,40.602
1,3,258,12.0,39.93
1,3,259,15.0,40.506
1,3,260,12.0,40.17
1,3,261,12.0,40.458
1,3,262,12.0,41.328
1,3,263,15.0,41.058
1,3,264,12.0,40.554
1,3,265,12.0,40.452
1,3,266,15.0,41.034
1,3,267,12.0,41.178
1,3,268,15.0,41.862
1,3,269,12.0,41.262
1,3,270,12.0,41.4
1,3,271,12.0,39.966
1,3,272,15.0,41.736
1,3,273,15.0,40.302
1,3,274,12.0,41.658
1,3,275,15.0,41.472
1,3,276,12.0,40.446
1,3,277,15.0,39.786
1,3,278,12.0,40.032
1,3,279,12.0,40.23
1,3,280,12.0,41.292
1,3,281,12.0,41.46
1,3,282,9.0,41.64
1,3,283,12.0,41.04
1,3,284,9.0,40.26
1,3,285,12.0,39.564
1,3,286,9.0,39.372
1,3,287,15.0,39.396
1,3,288,9.0,38.298
1,3,289,12.0,37.89
1,3,290,9.0,37.242
1,3,291,9.0,37.944
1,3,292,6.0,38.658
1,3,293,9.0,38.256
1,3,294,12.0,39.426
1,3,295,15.0,39.366
1,3,296,9.0,39.276
1,3,297,9.0,39.162
1,3,298,9.0,39.498
1,3,299,12.0,40.032
1,3,300,12.0,40.506
1,3,301,12.0,40.236
1,3,302,9.0,39.684
1,3,303,12.0,39.93
1,3,304,12.0,40.074
1,3,305,15.0,41.37
1,3,306,15.0,41.604
1,3,307,12.0,40.842
1,3,308,12.0,40.38
1,3,309,12.0,40.764
1,3,310,12.0,40.14
1,3,311,9.0,41.928
1,3,312,9.0,40.89
1,3,313,15.0,41.316
1,3,314,12.0,42.09
1,3,315,15.0,40.59
1,3,316,12.0,40.65
1,3,317,15.0,40.122
1,3,318,15.0,40.17
1,3,319,12.0,40.14
1,3,320,15.0,39.132
1,3,321,12.0,39.9
1,3,322,9.0,39.624
1,3,323,9.0,39.282
1,3,324,12.0,40.116
1,3,325,12.0,39.864
1,3,326,15.0,39.864
1,3,327,12.0,39.654
1,3,328,12.0,39.732
1,3,329,9.0,40.014
1,3,330,15.0,40.68
1,3,331,15.0,40.974
1,3,332,12.0,41.676
1,3,333,9.0,41.31
1,3,334,9.0,40.776
1,3,335,12.0,40.926
1,3,336,15.0,40.656
1,3,337,12.0,40.728
1,3,338,12.0,40.608
1,3,339,12.0,41.172
1,3,340,15.0,41.28
1,3,341,15.0,41.85
1,3,342,12.0,41.76
1,3,343,15.0,42.666
1,3,344,18.0,41.868
1,3,345,15.0,40.674
1,3,346,12.0,40.902
1,3,347,15.0,39.996
1,3,348,15.0,40.38
1,3,349,15.0,40.824
1,3,350,12.0,41.34
1,3,351,15.0,40.47
1,3,352,9.0,41.364
1,3,353,12.0,41.682
1,3,354,9.0,41.388
1,3,355,15.0,42.516
1,3,356,9.0,41.736
1,3,357,15.0,42.198
1,3,358,12.0,41.31
1,3,359,12.0,41.46
1,3,360,12.0,41.676
1,3,361,15.0,41.688
1,3,362,15.0,41.256
1,3,363,18.0,41.076
1,3,364,18.0,40.368
1,3,365,12.0,42.486
1,3,366,15.0,41.484
1,3,367,12.0,41.394
1,3,368,12.0,40.146
1,3,369,12.0,39.972
1,3,370,12.0,39.294
1,3,371,15.0,39.198
1,3,372,12.0,39.612
1,3,373,9.0,39.438
1,3,374,15.0,39.654
1,3,375,12.0,39.276
1,3,376,12.0,39.468
1,3,377,12.0,38.742
1,3,378,12.0,39.348
1,3,379,12.0,38.85
1,3,380,12.0,39.486
1,3,381,15.0,39.576
1,3,382,15.0,39.426
1,3,383,9.0,40.17
1,3,384,9.0,40.506
1,3,385,9.0,40.812
1,3,386,9.0,40.764
1,3,387,12.0,40.152
1,3,388,15.0,40.428
1,3,389,15.0,41.304
1,3,390,6.0,40.83
1,3,391,9.0,40.854
1,3,392,15.0,40.902
1,3,393,18.0,42.174
1,3,394,15.0,41.616
1,3,395,18.0,40.746
1,3,396,15.0,40.698
1,3,397,15.0,41.574
1,3,398,15.0,41.43
1,3,399,12.0,40.47
1,3,400,12.0,40.002
1,3,401,12.0,40.65
1,3,402,12.0,40.578
1,3,403,15.0,40.644
1,3,404,12.0,40.338
1,3,405,12.0,40.212
1,3,406,9.0,40.758
1,3,407,12.0,39.906
1,3,408,15.0,41.16
1,3,409,12.0,40.98
1,3,410,12.0,41.46
1,3,411,12.0,41.226
1,3,412,15.0,40.734
1,3,413,6.0,40.266
1,3,414,9.0,40.218
1,3,415,9.0,40.098
1,3,416,12.0,40.08
1,3,417,12.0,40.17
1,3,418,15.0,39.348
1,3,419,9.0,40.08
1,3,420,12.0,40.14
1,3,421,12.0,40.098
1,3,422,12.0,40.182
1,3,423,15.0,39.696
1,3,424,15.0,41.196
1,3,425,12.0,40.182
1,3,426,12.0,40.116
1,3,427,12.0,39.996
1,3,428,12.0,39.69
1,3,429,12.0,38.826
1,3,430,12.0,39.354
1,3,431,9.0,39.966
1,3,432,12.0,39.726
1,3,433,6.0,40.554
1,3,434,15.0,40.812
1,3,435,15.0,40.368
1,3,436,18.0,40.542
1,3,437,12.0,40.998
1,3,438,12.0,40.518
1,3,439,9.0,40.758
1,3,440,9.0,39.222
1,3,441,12.0,39.42
1,3,442,9.0,38.748
1,3,443,9.0,38.808
1,3,444,12.0,38.478
1,3,445,9.0,38.568
1,3,446,6.0,38.25
1,3,447,6.0,37.674
1,3,448,9.0,37.614
1,3,449,12.0,37.62
1,3,450,12.0,38.136
1,3,451,12.0,38.256
1,3,452,6.0,37.92
1,3,453,6.0,37.632
1,3,454,9.0,38.112
1,3,455,12.0,38.136
1,3,456,9.0,38.28
1,3,457,9.0,37.854
1,3,458,12.0,37.02
1,3,459,9.0,37.326
1,3,460,9.0,37.08
1,3,461,12.0,37.128
1,3,462,9.0,37.938
1,3,463,12.0,37.95
1,3,464,9.0,39.114
1,3,465,9.0,38.244
1,3,466,9.0,37.746
1,3,467,9.0,37.278
1,3,468,12.0,37.494
1,3,469,12.0,37.416
1,3,470,15.0,37.674
1,3,471,9.0,38.094
1,3,472,9.0,38.082
1,3,473,12.0,38.232
1,3,474,9.0,37.902
1,3,475,12.0,37.488
1,3,476,12.0,37.272
1,3,477,12.0,37.884
1,3,478,6.0,37.458
1,3,479,9.0,37.698
1,3,480,6.0,36.894
1,3,481,12.0,36.42
1,3,482,9.0,36.204
1,3,483,9.0,35.94
1,3,484,9.0,35.664
1,3,485,9.0,35.124
1,3,486,12.0,36.444
1,3,487,12.0,36.654
1,3,488,9.0,35.706
1,3,489,12.0,35.64
1,3,490,12.0,35.628
1,3,491,9.0,35.118
1,3,492,9.0,34.2
1,3,493,9.0,34.926
1,3,494,12.0,34.44
1,3,495,9.0,35.676
1,3,496,9.0,35.502
1,3,497,12.0,36.102
1,3,498,9.0,36.234
1,3,499,9.0,36.48
1,4,0,72.0,121.614
1,4,1,66.0,119.196
1,4,2,69.0,117.342
1,4,3,75.0,114.852
1,4,4,69.0,113.106
1,4,5,66.0,111.798
1,4,6,66.0,110.034
1,4,7,60.0,108.432
1,4,8,66.0,106.248
1,4,9,54.0,104.616
1,4,10,57.0,103.062
1,4,11,54.0,102.912
1,4,12,60.0,101.91
1,4,13,60.0,100.5
1,4,14,60.0,100.53
1,4,15,57.0,98.058
1,4,16,57.0,97.164
1,4,17,60.0,97.008
1,4,18,60.0,95.856
1,4,19,57.0,93.216
1,4,20,48.0,92.82
1,4,21,48.0,89.778
1,4,22,51.0,89.958
1,4,23,42.0,89.016
1,4,24,45.0,87.942
1,4,25,51.0,86.268
1,4,26,54.0,85.434
1,4,27,48.0,83.94
1,4,28,51.0,82.71
1,4,29,42.0,82.194
1,4,30,42.0,81.432
1,4,31,39.0,80.178
1,4,32,42.0,79.44
1,4,33,36.0,78.15
1,4,34,45.0,78.51
1,4,35,39.0,77.682
1,4,36,42.0,77.646
1,4,37,42.0,75.81
1,4,38,36.0,74.346
1,4,39,33.0,73.986
1,4,40,36.0,73.698
1,4,41,30.0,72.558
1,4,42,18.0,72.144
1,4,43,33.0,71.316
1,4,44,30.0,70.698
1,4,45,39.0,70.956
1,4,46,24.0,70.566
1,4,47,36.0,69.39
1,4,48,39.0,69.156
1,4,49,30.0,68.496
1,4,50,30.0,68.172
1,4,51,30.0,67.098
1,4,52,33.0,65.598
1,4,53,30.0,64.464
1,4,54,30.0,64.098
1,4,55,24.0,63.822
1,4,56,30.0,62.616
1,4,57,33.0,62.28
1,4,58,30.0,61.164
1,4,59,24.0,60.492
1,4,60,30.0,60.756
1,4,61,24.0,60.174
1,4,62,21.0,59.724
1,4,63,30.0,58.986
1,4,64,24.0,57.996
1,4,65,21.0,56.376
1,4,66,21.0,55.872
1,4,67,24.0,55.092
1,4,68,24.0,55.572
1,4,69,21.0,54.168
1,4,70,24.0,53.532
1,4,71,24.0,53.466
1,4,72,24.0,53.01
1,4,73,24.0,51.936
1,4,74,21.0,51.732
1,4,75,15.0,50.97
1,4,76,18.0,51.102
1,4,77,24.0,51.018
1,4,78,24.0,50.034
1,4,79,24.0,50.4
1,4,80,18.0,49.782
1,4,81,18.0,50.166
1,4,82,21.0,49.206
1,4,83,15.0,48.528
1,4,84,18.0,48.162
1,4,85,18.0,47.55
1,4,86,21.0,46.746
1,4,87,21.0,47.286
1,4,88,18.0,47.598
1,4,89,18.0,46.71
1,4,90,15.0,45.96
1,4,91,18.0,46.176
1,4,92,18.0,45.456
1,4,93,15.0,45.828
1,4,94,18.0,46.134
1,4,95,12.0,47.148
1,4,96,21.0,46.614
1,4,97,18.0,46.572
1,4,98,18.0,46.224
1,4,99,18.0,46.65
1,4,100,18.0,46.224
1,4,101,18.0,45.6
1,4,102,18.0,46.548
1,4,103,15.0,46.356
1,4,104,18.0,45.756
1,4,105,18.0,45.45
1,4,106,15.0,45.102
1,4,107,18.0,44.832
1,4,108,18.0,44.46
1,4,109,18.0,45.354
1,4,110,21.0,45.588
1,4,111,12.0,45.846
1,4,112,18.0,45.81
1,4,113,15.0,46.41
1,4,114,15.0,46.818
1,4,115,18.0,46.212
1,4,116,18.0,46.458
1,4,117,18.0,46.758
1,4,118,18.0,46.242
1,4,119,12.0,46.554
1,4,120,18.0,45.714
1,4,121,18.0,45.444
1,4,122,18.0,45.282
1,4,123,18.0,45.15
1,4,124,15.0,45.036
1,4,125,18.0,45.264
1,4,126,15.0,44.346
1,4,127,9.0,45.348
1,4,128,12.0,45.72
1,4,129,18.0,46.014
1,4,130,18.0,46.224
1,4,131,18.0,45.714
1,4,132,15.0,45.426
1,4,133,18.0,44.598
1,4,134,18.0,43.554
1,4,135,15.0,43.542
1,4,136,18.0,44.286
1,4,137,18.0,43.962
1,4,138,15.0,43.944
1,4,139,18.0,44.508
1,4,140,15.0,44.79
1,4,141,15.0,45.108
1,4,142,18.0,45.474
1,4,143,15.0,45.546
1,4,144,18.0,45.09
1,4,145,15.0,44.208
1,4,146,18.0,43.968
1,4,147,15.0,43.71
1,4,148,12.0,44.334
1,4,149,15.0,44.556
1,4,150,21.0,44.736
1,4,151,15.0,43.8
1,4,152,15.0,43.14
1,4,153,12.0,43.824
1,4,154,15.0,43.182
1,4,155,15.0,43.482
1,4,156,15.0,43.35
1,4,157,18.0,44.112
1,4,158,15.0,44.43
1,4,159,21.0,44.688
1,4,160,15.0,44.304
1,4,161,15.0,44.364
1,4,162,15.0,45.408
1,4,163,15.0,46.368
1,4,164,18.0,44.796
1,4,165,15.0,44.124
1,4,166,21.0,44.046
1,4,167,18.0,44.352
1,4,168,18.0,44.088
1,4,169,15.0,43.164
1,4,170,15.0,43.65
1,4,171,18.0,44.802
1,4,172,15.0,44.052
1,4,173,15.0,43.632
1,4,174,12.0,42.822
1,4,175,15.0,41.61
1,4,176,15.0,41.994
1,4,177,15.0,42.216
1,4,178,15.0,42.372
1,4,179,15.0,42.306
1,4,180,15.0,42.606
1,4,181,18.0,42.378
1,4,182,18.0,42.57
1,4,183,12.0,42.39
1,4,184,9.0,42.102
1,4,185,15.0,43.098
1,4,186,18.0,42.99
1,4,187,15.0,43.608
1,4,188,9.0,42.774
1,4,189,15.0,42.768
1,4,190,12.0,43.002
1,4,191,18.0,43.632
1,4,192,15.0,42.87
1,4,193,12.0,41.76
1,4,194,12.0,41.976
1,4,195,15.0,41.652
1,4,196,15.0,42.3
1,4,197,18.0,41.952
1,4,198,15.0,40.872
1,4,199,18.0,41.202
1,4,200,9.0,40.722
1,4,201,12.0,41.124
1,4,202,15.0,41.01
1,4,203,12.0,41.088
1,4,204,12.0,41.124
1,4,205,12.0,40.338
1,4,206,12.0,40.278
1,4,207,12.0,40.122
1,4,208,15.0,39.834
1,4,209,15.0,40.098
1,4,210,12.0,39.864
1,4,211,12.0,40.104
1,4,212,9.0,40.116
1,4,213,12.0,40.92
1,4,214,15.0,40.482
1,4,215,6.0,41.334
1,4,216,15.0,41.94
1,4,217,15.0,42.276
1,4,218,12.0,41.598
1,4,219,15.0,41.1
1,4,220,18.0,41.898
1,4,221,15.0,42.246
1,4,222,12.0,42.078
1,4,223,15.0,41.34
1,4,224,15.0,41.478
1,4,225,9.0,40.53
1,4,226,12.0,40.926
1,4,227,9.0,40.158
1,4,228,12.0,40.488
1,4,229,12.0,41.448
1,4,230,18.0,41.502
1,4,231,12.0,41.52
1,4,232,12.0,40.956
1,4,233,12.0,40.944
1,4,234,15.0,41.046
1,4,235,12.0,41.04
1,4,236,12.0,40.572
1,4,237,12.0,40.908
1,4,238,15.0,42.282
1,4,239,12.0,41.202
1,4,240,12.0,41.604
1,4,241,15.0,40.782
1,4,242,15.0,41.16
1,4,243,12.0,40.512
1,4,244,15.0,41.04
1,4,245,12.0,40.932
1,4,246,15.0,40.686
1,4,247,15.0,40.764
1,4,248,15.0,41.364
1,4,249,18.0,40.62
1,4,250,15.0,40.698
1,4,251,15.0,41.292
1,4,252,12.0,41.64
1,4,253,12.0,41.952
1,4,254,15.0,42.066
1,4,255,12.0,41.646
1,4,256,9.0,41.766
1,4,257,12.0,39.564
1,4,258,18.0,40.038
1,4,259,15.0,40.572
1,4,260,12.0,40.14
1,4,261,15.0,40.65
1,4,262,15.0,40.908
1,4,263,12.0,40.386
1,4,264,12.0,40.806
1,4,265,18.0,40.62
1,4,266,9.0,40.494
1,4,267,12.0,41.01
1,4,268,12.0,41.634
1,4,269,12.0,41.346
1,4,270,12.0,39.924
1,4,271,9.0,40.734
1,4,272,12.0,41.28
1,4,273,15.0,40.368
1,4,274,15.0,39.93
1,4,275,15.0,39.888
1,4,276,15.0,40.488
1,4,277,18.0,41.178
1,4,278,12.0,41.046
1,4,279,12.0,40.926
1,4,280,12.0,40.974
1,4,281,12.0,41.148
1,4,282,12.0,41.604
1,4,283,15.0,40.932
1,4,284,12.0,40.59
1,4,285,12.0,40.194
1,4,286,15.0,40.824
1,4,287,15.0,40.89
1,4,288,12.0,40.488
1,4,289,12.0,41.484
1,4,290,15.0,42.168
1,4,291,12.0,42.75
1,4,292,15.0,42.714
1,4,293,15.0,43.02
1,4,294,15.0,42.93
1,4,295,15.0,43.098
1,4,296,15.0,42.972
1,4,297,15.0,43.878
1,4,298,15.0,44.004
1,4,299,21.0,44.022
1,4,300,15.0,43.41
1,4,301,15.0,43.14
1,4,302,9.0,42.078
1,4,303,18.0,42.474
1,4,304,12.0,42.192
1,4,305,15.0,41.172
1,4,306,15.0,42.18
1,4,307,15.0,42.9
1,4,308,15.0,42.594
1,4,309,12.0,42.33
1,4,310,9.0,40.746
1,4,311,9.0,41.028
1,4,312,12.0,40.236
1,4,313,9.0,39.786
1,4,314,12.0,40.698
1,4,315,12.0,40.764
1,4,316,12.0,40.494
1,4,317,12.0,40.182
1,4,318,6.0,40.134
1,4,319,12.0,40.476
1,4,320,15.0,40.8
1,4,321,15.0,39.99
1,4,322,12.0,40.65
1,4,323,9.0,39.816
1,4,324,15.0,40.026
1,4,325,15.0,40.302
1,4,326,9.0,40.71
1,4,327,12.0,40.686
1,4,328,15.0,40.614
1,4,329,15.0,41.544
1,4,330,12.0,41.688
1,4,331,12.0,40.638
1,4,332,12.0,40.884
1,4,333,9.0,40.644
1,4,334,15.0,41.196
1,4,335,9.0,41.028
1,4,336,15.0,41.316
1,4,337,15.0,40.968
1,4,338,15.0,41.088
1,4,339,12.0,41.544
1,4,340,12.0,42.648
1,4,341,15.0,42.072
1,4,342,15.0,41.808
1,4,343,15.0,41.856
1,4,344,12.0,41.964
1,4,345,15.0,41.532
1,4,346,15.0,42.996
1,4,347,15.0,43.002
1,4,348,15.0,41.13
1,4,349,12.0,41.328
1,4,350,15.0,41.562
1,4,351,12.0,42.228
1,4,352,15.0,42.024
1,4,353,12.0,41.214
1,4,354,12.0,41.034
1,4,355,12.0,40.536
1,4,356,15.0,41.16
1,4,357,12.0,41.1
1,4,358,15.0,41.484
1,4,359,12.0,41.856
1,4,360,15.0,41.64
1,4,361,15.0,42.15
1,4,362,12.0,41.382
1,4,363,15.0,41.01
1,4,364,15.0,41.418
1,4,365,12.0,41.7
1,4,366,15.0,42.09
1,4,367,12.0,42.042
1,4,368,15.0,41.598
1,4,369,15.0,41.124
1,4,370,12.0,41.91
1,4,371,9.0,41.232
1,4,372,12.0,41.862
1,4,373,15.0,40.776
1,4,374,15.0,41.652
1,4,375,12.0,41.16
1,4,376,12.0,41.124
1,4,377,12.0,40.23
1,4,378,15.0,40.746
1,4,379,12.0,42.228
1,4,380,12.0,42.27
1,4,381,12.0,41.466
1,4,382,15.0,40.554
1,4,383,15.0,40.692
1,4,384,18.0,41.112
1,4,385,15.0,41.202
1,4,386,12.0,41.052
1,4,387,12.0,39.582
1,4,388,12.0,39.966
1,4,389,9.0,39.6
1,4,390,12.0,40.056
1,4,391,12.0,39.786
1,4,392,15.0,40.104
1,4,393,9.0,40.128
1,4,394,12.0,40.59
1,4,395,15.0,40.818
1,4,396,15.0,41.058
1,4,397,12.0,40.902
1,4,398,9.0,40.548
1,4,399,15.0,41.178
1,4,400,12.0,41.292
1,4,401,12.0,40.44
1,4,402,12.0,39.33
1,4,403,12.0,40.218
1,4,404,15.0,40.494
1,4,405,15.0,39.978
1,4,406,12.0,39.702
1,4,407,15.0,38.892
1,4,408,15.0,39.642
1,4,409,15.0,39.684
1,4,410,12.0,40.062
1,4,411,9.0,40.38
1,4,412,9.0,41.22
1,4,413,6.0,40.764
1,4,414,12.0,41.406
1,4,415,12.0,42.234
1,4,416,12.0,41.748
1,4,417,12.0,41.478
1,4,418,15.0,41.688
1,4,419,15.0,41.718
1,4,420,15.0,41.04
1,4,421,12.0,39.708
1,4,422,12.0,39.054
1,4,423,12.0,39.264
1,4,424,15.0,39.948
1,4,425,12.0,40.752
1,4,426,12.0,41.118
1,4,427,15.0,41.364
1,4,428,15.0,40.812
1,4,429,12.0,41.79
1,4,430,15.0,41.688
1,4,431,12.0,42.3
1,4,432,9.0,42.126
1,4,433,15.0,41.676
1,4,434,12.0,42.054
1,4,435,15.0,41.73
1,4,436,12.0,40.86
1,4,437,12.0,41.286
1,4,438,15.0,41.304
1,4,439,15.0,40.578
1,4,440,12.0,40.284
1,4,441,12.0,39.432
1,4,442,12.0,39.12
1,4,443,12.0,39.192
1,4,444,15.0,38.628
1,4,445,12.0,38.664
1,4,446,12.0,38.64
1,4,447,12.0,37.908
1,4,448,15.0,38.76
1,4,449,12.0,39.36
1,4,450,12.0,39.324
1,4,451,12.0,38.85
1,4,452,9.0,38.25
1,4,453,9.0,39.552
1,4,454,15.0,39.942
1,4,455,9.0,40.8
1,4,456,12.0,39.816
1,4,457,12.0,40.326
1,4,458,15.0,41.13
1,4,459,9.0,40.524
1,4,460,15.0,41.034
1,4,461,12.0,41.106
1,4,462,12.0,41.064
1,4,463,12.0,40.656
1,4,464,15.0,40.062
1,4,465,9.0,40.734
1,4,466,9.0,40.32
1,4,467,12.0,40.584
1,4,468,6.0,39.852
1,4,469,15.0,40.098
1,4,470,12.0,39.654
1,4,471,15.0,40.062
1,4,472,9.0,39.762
1,4,473,9.0,39.432
1,4,474,15.0,40.38
1,4,475,12.0,40.656
1,4,476,12.0,41.028
1,4,477,12.0,40.776
1,4,478,12.0,40.878
1,4,479,12.0,40.398
1,4,480,12.0,40.878
1,4,481,12.0,40.362
1,4,482,12.0,40.434
1,4,483,12.0,41.07
1,4,484,12.0,39.336
1,4,485,12.0,39.918
1,4,486,12.0,40.788
1,4,487,15.0,40.134
1,4,488,9.0,40.992
1,4,489,9.0,40.188
1,4,490,6.0,40.32
1,4,491,9.0,40.512
1,4,492,9.0,40.722
1,4,493,9.0,41.208
1,4,494,9.0,40.392
1,4,495,9.0,40.17
1,4,496,12.0,40.02
1,4,497,9.0,41.37
1,4,498,9.0,41.772
1,4,499,12.0,40.83
1,5,0,63.0,122.832
1,5,1,63.0,119.85
1,5,2,69.0,117.702
1,5,3,66.0,113.928
1,5,4,72.0,114.048
1,5,5,72.0,110.586
1,5,6,54.0,108.654
1,5,7,63.0,107.016
1,5,8,66.0,106.17
1,5,9,66.0,105.066
1,5,10,63.0,104.004
1,5,11,57.0,102.858
1,5,12,60.0,101.928
1,5,13,57.0,100.062
1,5,14,54.0,97.668
1,5,15,54.0,97.47
1,5,16,48.0,95.4
1,5,17,51.0,92.844
1,5,18,48.0,93.522
1,5,19,57.0,94.272
1,5,20,51.0,92.652
1,5,21,54.0,91.248
1,5,22,48.0,89.964
1,5,23,54.0,89.274
1,5,24,39.0,86.952
1,5,25,48.0,85.656
1,5,26,45.0,84.408
1,5,27,48.0,83.478
1,5,28,42.0,81.918
1,5,29,45.0,80.904
1,5,30,48.0,81.048
1,5,31,42.0,79.302
1,5,32,39.0,78.252
1,5,33,42.0,78.24
1,5,34,39.0,76.404
1,5,35,36.0,76.2
1,5,36,27.0,74.472
1,5,37,42.0,74.532
1,5,38,42.0,73.806
1,5,39,36.0,72.984
1,5,40,36.0,71.208
1,5,41,30.0,70.116
1,5,42,30.0,70.224
1,5,43,39.0,70.128
1,5,44,27.0,69.348
1,5,45,33.0,68.808
1,5,46,33.0,68.472
1,5,47,27.0,67.182
1,5,48,27.0,66.9
1,5,49,33.0,65.94
1,5,50,33.0,65.352
1,5,51,30.0,64.284
1,5,52,30.0,64.218
1,5,53,33.0,63.672
1,5,54,24.0,63.348
1,5,55,30.0,65.406
1,5,56,30.0,65.418
1,5,57,30.0,64.584
1,5,58,30.0,63.93
1,5,59,30.0,62.664
1,5,60,27.0,63.108
1,5,61,27.0,62.964
1,5,62,30.0,64.008
1,5,63,24.0,62.544
1,5,64,27.0,61.422
1,5,65,27.0,60.336
1,5,66,27.0,60.63
1,5,67,30.0,60.186
1,5,68,30.0,60.144
1,5,69,24.0,59.676
1,5,70,24.0,59.7
1,5,71,30.0,60.168
1,5,72,27.0,59.46
1,5,73,27.0,58.458
1,5,74,21.0,57.63
1,5,75,27.0,57.282
1,5,76,27.0,57.282
1,5,77,27.0,56.49
1,5,78,27.0,56.202
1,5,79,24.0,56.91
1,5,80,24.0,56.166
1,5,81,21.0,56.106
1,5,82,21.0,56.352
1,5,83,24.0,55.998
1,5,84,21.0,55.794
1,5,85,24.0,55.668
1,5,86,24.0,55.494
1,5,87,24.0,54.594
1,5,88,18.0,54.558
1,5,89,27.0,54.642
1,5,90,24.0,53.622
1,5,91,18.0,53.964
1,5,92,24.0,53.91
1,5,93,21.0,53.082
1,5,94,24.0,53.634
1,5,95,30.0,54.246
1,5,96,24.0,53.79
1,5,97,27.0,52.884
1,5,98,24.0,52.788
1,5,99,24.0,53.124
1,5,100,21.0,53.622
1,5,101,18.0,53.148
1,5,102,24.0,52.476
1,5,103,24.0,52.044
1,5,104,27.0,52.374
1,5,105,24.0,52.398
1,5,106,18.0,52.632
1,5,107,24.0,52.338
1,5,108,18.0,51.288
1,5,109,21.0,50.694
1,5,110,21.0,50.748
1,5,111,21.0,49.5
1,5,112,24.0,49.086
1,5,113,24.0,49.56
1,5,114,18.0,49.368
1,5,115,21.0,49.62
1,5,116,24.0,49.008
1,5,117,18.0,48.936
1,5,118,15.0,49.242
1,5,119,18.0,49.656
1,5,120,21.0,48.894
1,5,121,15.0,48.69
1,5,122,21.0,48.192
1,5,123,15.0,47.214
1,5,124,18.0,47.61
1,5,125,15.0,46.83
1,5,126,18.0,46.848
1,5,127,21.0,46.332
1,5,128,15.0,46.686
1,5,129,18.0,45.852
1,5,130,21.0,45.126
1,5,131,12.0,45.666
1,5,132,15.0,46.308
1,5,133,15.0,46.194
1,5,134,21.0,46.374
1,5,135,21.0,46.956
1,5,136,18.0,46.83
1,5,137,12.0,45.0
1,5,138,15.0,44.814
1,5,139,15.0,44.382
1,5,140,15.0,43.98
1,5,141,12.0,43.326
1,5,142,18.0,44.298
1,5,143,15.0,45.066
1,5,144,15.0,44.826
1,5,145,12.0,44.334
1,5,146,15.0,44.142
1,5,147,18.0,43.182
1,5,148,12.0,43.266
1,5,149,18.0,43.518
1,5,150,18.0,43.344
1,5,151,12.0,42.696
1,5,152,12.0,41.892
1,5,153,15.0,42.504
1,5,154,12.0,41.286
1,5,155,15.0,41.52
1,5,156,15.0,41.16
1,5,157,15.0,41.136
1,5,158,15.0,40.686
1,5,159,12.0,39.924
1,5,160,9.0,40.908
1,5,161,15.0,40.368
1,5,162,12.0,41.022
1,5,163,15.0,41.61
1,5,164,15.0,42.276
1,5,165,15.0,41.778
1,5,166,12.0,41.04
1,5,167,15.0,40.956
1,5,168,15.0,41.988
1,5,169,15.0,41.724
1,5,170,15.0,41.658
1,5,171,15.0,41.286
1,5,172,12.0,41.112
1,5,173,12.0,41.298
1,5,174,9.0,41.298
1,5,175,9.0,39.66
1,5,176,15.0,39.294
1,5,177,12.0,39.954
1,5,178,15.0,39.084
1,5,179,12.0,39.426
1,5,180,15.0,38.94
1,5,181,12.0,39.3
1,5,182,15.0,38.328
1,5,183,12.0,38.136
1,5,184,15.0,38.016
1,5,185,15.0,38.694
1,5,186,12.0,38.094
1,5,187,12.0,38.832
1,5,188,12.0,38.664
1,5,189,15.0,38.664
1,5,190,12.0,39.288
1,5,191,12.0,37.488
1,5,192,12.0,36.714
1,5,193,6.0,36.618
1,5,194,12.0,37.122
1,5,195,12.0,37.446
1,5,196,12.0,39.12
1,5,197,9.0,38.82
1,5,198,12.0,38.754
1,5,199,12.0,38.172
1,5,200,12.0,37.932
1,5,201,12.0,38.184
1,5,202,12.0,39.354
1,5,203,9.0,39.522
1,5,204,9.0,38.67
1,5,205,15.0,39.594
1,5,206,15.0,39.408
1,5,207,9.0,39.384
1,5,208,12.0,39.096
1,5,209,12.0,38.142
1,5,210,15.0,38.538
1,5,211,12.0,38.922
1,5,212,12.0,38.634
1,5,213,12.0,39.18
1,5,214,15.0,39.36
1,5,215,15.0,38.796
1,5,216,9.0,39.156
1,5,217,9.0,38.382
1,5,218,9.0,38.724
1,5,219,9.0,38.238
1,5,220,9.0,38.898
1,5,221,15.0,39.402
1,5,222,15.0,39.27
1,5,223,12.0,37.884
1,5,224,12.0,38.046
1,5,225,9.0,37.74
1,5,226,9.0,37.962
1,5,227,9.0,37.938
1,5,228,12.0,38.262
1,5,229,12.0,38.532
1,5,230,12.0,38.286
1,5,231,12.0,37.758
1,5,232,12.0,37.626
1,5,233,6.0,37.224
1,5,234,9.0,36.492
1,5,235,9.0,36.456
1,5,236,12.0,36.198
1,5,237,9.0,37.884
1,5,238,9.0,37.134
1,5,239,12.0,37.944
1,5,240,12.0,38.886
1,5,241,9.0,37.776
1,5,242,9.0,38.556
1,5,243,9.0,38.472
1,5,244,12.0,39.798
1,5,245,12.0,38.652
1,5,246,12.0,39.144
1,5,247,12.0,39.096
1,5,248,15.0,40.728
1,5,249,12.0,41.16
1,5,250,12.0,40.128
1,5,251,9.0,41.172
1,5,252,15.0,41.394
1,5,253,9.0,40.308
1,5,254,9.0,40.104
1,5,255,6.0,40.038
1,5,256,9.0,39.846
1,5,257,9.0,39.654
1,5,258,6.0,39.564
1,5,259,12.0,39.006
1,5,260,9.0,38.124
1,5,261,9.0,37.146
1,5,262,9.0,37.35
1,5,263,9.0,36.936
1,5,264,9.0,37.266
1,5,265,12.0,37.14
1,5,266,9.0,37.998
1,5,267,12.0,37.992
1,5,268,12.0,37.824
1,5,269,6.0,37.056
1,5,270,15.0,38.406
1,5,271,12.0,38.112
1,5,272,9.0,37.674
1,5,273,12.0,38.724
1,5,274,12.0,37.854
1,5,275,12.0,38.82
1,5,276,9.0,38.892
1,5,277,12.0,38.814
1,5,278,9.0,38.622
1,5,279,12.0,37.8
1,5,280,9.0,38.328
1,5,281,9.0,38.484
1,5,282,12.0,39.222
1,5,283,15.0,39.108
1,5,284,12.0,38.916
1,5,285,6.0,38.052
1,5,286,9.0,37.812
1,5,287,9.0,37.464
1,5,288,6.0,37.896
1,5,289,6.0,38.154
1,5,290,12.0,38.238
1,5,291,12.0,38.862
1,5,292,12.0,37.92
1,5,293,12.0,38.052
1,5,294,12.0,37.86
1,5,295,12.0,39.306
1,5,296,12.0,38.766
1,5,297,12.0,39.03
1,5,298,9.0,39.684
1,5,299,9.0,39.618
1,5,300,15.0,39.798
1,5,301,15.0,40.662
1,5,302,12.0,40.992
1,5,303,12.0,39.678
1,5,304,9.0,40.644
1,5,305,12.0,38.886
1,5,306,9.0,39.624
1,5,307,12.0,39.348
1,5,308,12.0,39.306
1,5,309,12.0,38.592
1,5,310,12.0,38.214
1,5,311,9.0,37.344
1,5,312,6.0,37.746
1,5,313,12.0,37.344
1,5,314,9.0,37.872
1,5,315,9.0,38.196
1,5,316,9.0,37.668
1,5,317,6.0,38.19
1,5,318,6.0,36.534
1,5,319,9.0,35.784
1,5,320,9.0,35.292
1,5,321,12.0,35.328
1,5,322,12.0,35.694
1,5,323,9.0,35.046
1,5,324,6.0,36.078
1,5,325,6.0,35.37
1,5,326,9.0,35.778
1,5,327,9.0,35.688
1,5,328,12.0,35.28
1,5,329,9.0,35.244
1,5,330,12.0,35.448
1,5,331,9.0,35.688
1,5,332,9.0,36.39
1,5,333,6.0,36.384
1,5,334,6.0,37.332
1,5,335,3.0,38.706
1,5,336,9.0,38.154
1,5,337,12.0,38.592
1,5,338,9.0,37.704
1,5,339,6.0,37.434
1,5,340,9.0,37.758
1,5,341,6.0,38.106
1,5,342,12.0,37.962
1,5,343,9.0,37.986
1,5,344,12.0,37.986
1,5,345,12.0,37.062
1,5,346,9.0,36.846
1,5,347,6.0,36.372
1,5,348,9.0,35.958
1,5,349,9.0,35.136
1,5,350,9.0,35.772
1,5,351,6.0,36.522
1,5,352,12.0,36.45
1,5,353,6.0,35.952
1,5,354,12.0,35.142
1,5,355,9.0,35.826
1,5,356,12.0,35.658
1,5,357,9.0,36.582
1,5,358,6.0,36.648
1,5,359,9.0,37.11
1,5,360,9.0,37.086
1,5,361,9.0,36.558
1,5,362,6.0,37.176
1,5,363,9.0,37.428
1,5,364,6.0,37.806
1,5,365,12.0,37.77
1,5,366,6.0,36.918
1,5,367,9.0,37.032
1,5,368,6.0,36.168
1,5,369,9.0,35.706
1,5,370,6.0,36.09
1,5,371,9.0,36.564
1,5,372,6.0,37.284
1,5,373,9.0,36.858
1,5,374,9.0,36.246
1,5,375,6.0,37.074
1,5,376,15.0,38.058
1,5,377,9.0,38.742
1,5,378,9.0,37.992
1,5,379,12.0,38.526
1,5,380,9.0,38.748
1,5,381,12.0,38.718
1,5,382,6.0,37.818
1,5,383,9.0,36.87
1,5,384,9.0,37.494
1,5,385,9.0,37.17
1,5,386,6.0,36.912
1,5,387,12.0,36.54
1,5,388,6.0,36.822
1,5,389,9.0,36.732
1,5,390,9.0,36.696
1,5,391,9.0,37.158
1,5,392,12.0,37.476
1,5,393,9.0,37.524
1,5,394,6.0,37.722
1,5,395,9.0,37.734
1,5,396,12.0,38.484
1,5,397,12.0,37.704
1,5,398,12.0,37.296
1,5,399,12.0,38.868
1,5,400,9.0,38.592
1,5,401,9.0,38.328
1,5,402,6.0,38.178
1,5,403,6.0,37.77
1,5,404,6.0,37.776
1,5,405,9.0,37.146
1,5,406,9.0,37.908
1,5,407,9.0,37.848
1,5,408,6.0,36.9
1,5,409,9.0,37.17
1,5,410,9.0,38.262
1,5,411,12.0,38.832
1,5,412,6.0,38.772
1,5,413,12.0,39.144
1,5,414,9.0,39.228
1,5,415,12.0,38.424
1,5,416,9.0,38.52
1,5,417,6.0,37.782
1,5,418,12.0,38.808
1,5,419,9.0,39.216
1,5,420,12.0,39.354
1,5,421,15.0,39.72
1,5,422,15.0,39.456
1,5,423,9.0,38.898
1,5,424,6.0,39.06
1,5,425,6.0,38.37
1,5,426,6.0,38.508
1,5,427,9.0,37.632
1,5,428,6.0,38.652
1,5,429,12.0,38.94
1,5,430,9.0,37.722
1,5,431,9.0,39.114
1,5,432,9.0,39.126
1,5,433,12.0,39.012
1,5,434,12.0,39.15
1,5,435,6.0,39.144
1,5,436,12.0,39.66
1,5,437,12.0,39.372
1,5,438,6.0,39.396
1,5,439,9.0,38.844
1,5,440,12.0,39.294
1,5,441,12.0,38.85
1,5,442,12.0,37.998
1,5,443,9.0,38.778
1,5,444,12.0,37.944
1,5,445,6.0,38.88
1,5,446,15.0,38.934
1,5,447,12.0,38.13
1,5,448,9.0,38.184
1,5,449,9.0,38.136
1,5,450,9.0,38.316
1,5,451,12.0,37.38
1,5,452,9.0,38.052
1,5,453,9.0,37.428
1,5,454,9.0,37.026
1,5,455,9.0,36.798
1,5,456,9.0,36.972
1,5,457,6.0,36.066
1,5,458,6.0,35.412
1,5,459,6.0,35.286
1,5,460,6.0,35.334
1,5,461,6.0,35.052
1,5,462,9.0,35.208
1,5,463,9.0,34.554
1,5,464,6.0,34.98
1,5,465,9.0,35.106
1,5,466,12.0,34.584
1,5,467,9.0,34.608
1,5,468,9.0,34.224
1,5,469,6.0,35.226
1,5,470,6.0,34.332
1,5,471,9.0,35.7
1,5,472,9.0,35.076
1,5,473,9.0,34.974
1,5,474,6.0,35.214
1,5,475,6.0,35.64
1,5,476,12.0,35.838
1,5,477,12.0,36.192
1,5,478,9.0,35.958
1,5,479,9.0,36.756
1,5,480,9.0,36.618
1,5,481,9.0,36.48
1,5,482,9.0,36.708
1,5,483,12.0,37.032
1,5,484,9.0,36.87
1,5,485,6.0,36.864
1,5,486,6.0,36.594
1,5,487,9.0,36.582
1,5,488,9.0,37.29
1,5,489,6.0,37.332
1,5,490,9.0,37.92
1,5,491,6.0,38.19
1,5,492,9.0,38.736
1,5,493,9.0,38.22
1,5,494,9.0,37.95
1,5,495,9.0,37.194
1,5,496,12.0,37.398
1,5,497,9.0,37.422
1,5,498,9.0,37.506
1,5,499,9.0,37.992
1,6,0,75.0,121.962
1,6,1,75.0,120.3
1,6,2,69.0,116.586
1,6,3,60.0,113.328
1,6,4,69.0,111.546
1,6,5,66.0,109.29
1,6,6,60.0,107.85
1,6,7,60.0,107.856
1,6,8,51.0,106.44
1,6,9,63.0,106.638
1,6,10,51.0,104.64
1,6,11,66.0,104.628
1,6,12,60.0,104.01
1,6,13,57.0,101.508
1,6,14,60.0,101.172
1,6,15,63.0,99.39
1,6,16,60.0,98.688
1,6,17,51.0,97.158
1,6,18,51.0,95.994
1,6,19,57.0,96.588
1,6,20,51.0,94.788
1,6,21,45.0,92.562
1,6,22,51.0,91.644
1,6,23,51.0,91.212
1,6,24,54.0,90.198
1,6,25,36.0,88.11
1,6,26,48.0,86.706
1,6,27,45.0,85.698
1,6,28,36.0,83.838
1,6,29,45.0,82.314
1,6,30,45.0,80.904
1,6,31,48.0,79.998
1,6,32,39.0,80.394
1,6,33,42.0,79.038
1,6,34,39.0,78.798
1,6,35,45.0,77.514
1,6,36,33.0,77.22
1,6,37,36.0,76.836
1,6,38,39.0,77.07
1,6,39,36.0,75.876
1,6,40,42.0,75.312
1,6,41,39.0,73.968
1,6,42,36.0,72.468
1,6,43,33.0,71.178
1,6,44,36.0,70.506
1,6,45,27.0,68.856
1,6,46,33.0,68.928
1,6,47,39.0,69.648
1,6,48,39.0,68.244
1,6,49,33.0,66.912
1,6,50,24.0,65.376
1,6,51,30.0,64.872
1,6,52,24.0,64.242
1,6,53,27.0,62.91
1,6,54,27.0,63.234
1,6,55,30.0,62.142
1,6,56,30.0,61.014
1,6,57,30.0,61.35
1,6,58,27.0,60.954
1,6,59,30.0,59.922
1,6,60,21.0,58.89
1,6,61,21.0,57.924
1,6,62,21.0,57.204
1,6,63,27.0,57.204
1,6,64,27.0,57.474
1,6,65,24.0,57.462
1,6,66,24.0,57.564
1,6,67,24.0,58.032
1,6,68,21.0,56.97
1,6,69,24.0,57.132
1,6,70,24.0,56.238
1,6,71,21.0,56.034
1,6,72,18.0,54.54
1,6,73,21.0,54.264
1,6,74,24.0,53.13
1,6,75,24.0,52.698
1,6,76,18.0,52.584
1,6,77,24.0,51.468
1,6,78,18.0,51.912
1,6,79,18.0,50.61
1,6,80,18.0,49.608
1,6,81,18.0,49.086
1,6,82,18.0,49.098
1,6,83,18.0,48.564
1,6,84,18.0,48.192
1,6,85,21.0,48.9
1,6,86,15.0,49.278
1,6,87,18.0,48.252
1,6,88,18.0,47.442
1,6,89,12.0,46.824
1,6,90,18.0,46.806
1,6,91,15.0,46.656
1,6,92,15.0,47.712
1,6,93,18.0,47.256
1,6,94,15.0,47.736
1,6,95,18.0,46.908
1,6,96,15.0,46.932
1,6,97,15.0,46.668
1,6,98,18.0,46.674
1,6,99,15.0,46.734
1,6,100,18.0,46.068
1,6,101,18.0,46.608
1,6,102,15.0,45.762
1,6,103,18.0,44.784
1,6,104,15.0,44.628
1,6,105,15.0,44.448
1,6,106,15.0,43.236
1,6,107,18.0,43.464
1,6,108,15.0,44.268
1,6,109,21.0,43.974
1,6,110,15.0,44.568
1,6,111,15.0,43.872
1,6,112,18.0,42.966
1,6,113,9.0,42.546
1,6,114,12.0,43.344
1,6,115,12.0,42.294
1,6,116,12.0,41.886
1,6,117,15.0,42.096
1,6,118,12.0,41.874
1,6,119,12.0,41.796
1,6,120,12.0,41.34
1,6,121,15.0,42.006
1,6,122,12.0,41.382
1,6,123,12.0,41.442
1,6,124,15.0,41.232
1,6,125,15.0,41.244
1,6,126,15.0,40.932
1,6,127,15.0,41.112
1,6,128,9.0,41.016
1,6,129,15.0,41.064
1,6,130,12.0,42.018
1,6,131,15.0,41.844
1,6,132,18.0,41.484
1,6,133,15.0,40.362
1,6,134,15.0,41.55
1,6,135,15.0,40.92
1,6,136,15.0,40.83
1,6,137,12.0,42.162
1,6,138,18.0,41.49
1,6,139,15.0,41.454
1,6,140,15.0,41.7
1,6,141,18.0,41.142
1,6,142,15.0,42.0
1,6,143,15.0,42.114
1,6,144,15.0,42.03
1,6,145,18.0,42.33
1,6,146,18.0,41.838
1,6,147,12.0,41.85
1,6,148,12.0,42.792
1,6,149,15.0,43.182
1,6,150,9.0,41.79
1,6,151,12.0,40.938
1,6,152,15.0,41.508
1,6,153,15.0,41.82
1,6,154,12.0,40.92
1,6,155,15.0,40.5
1,6,156,12.0,40.824
1,6,157,12.0,40.188
1,6,158,12.0,40.488
1,6,159,12.0,40.698
1,6,160,18.0,40.878
1,6,161,15.0,40.98
1,6,162,12.0,41.91
1,6,163,15.0,40.554
1,6,164,12.0,40.764
1,6,165,12.0,40.698
1,6,166,9.0,40.992
1,6,167,12.0,41.058
1,6,168,15.0,40.86
1,6,169,12.0,41.556
1,6,170,12.0,41.442
1,6,171,12.0,40.398
1,6,172,12.0,40.986
1,6,173,9.0,40.614
1,6,174,15.0,41.226
1,6,175,9.0,41.196
1,6,176,15.0,40.116
1,6,177,15.0,40.308
1,6,178,15.0,40.122
1,6,179,12.0,40.464
1,6,180,9.0,40.08
1,6,181,12.0,39.342
1,6,182,12.0,37.878
1,6,183,15.0,38.484
1,6,184,9.0,39.618
1,6,185,6.0,38.508
1,6,186,12.0,39.084
1,6,187,12.0,39.618
1,6,188,12.0,38.874
1,6,189,9.0,39.234
1,6,190,12.0,39.504
1,6,191,12.0,38.04
1,6,192,9.0,37.962
1,6,193,9.0,39.03
1,6,194,12.0,38.466
1,6,195,9.0,38.226
1,6,196,12.0,38.664
1,6,197,15.0,38.916
1,6,198,12.0,39.564
1,6,199,12.0,38.976
1,6,200,12.0,38.304
1,6,201,15.0,38.376
1,6,202,9.0,39.12
1,6,203,15.0,38.244
1,6,204,12.0,37.596
1,6,205,12.0,38.232
1,6,206,9.0,38.046
1,6,207,15.0,38.472
1,6,208,15.0,38.172
1,6,209,9.0,38.286
1,6,210,12.0,38.856
1,6,211,12.0,37.962
1,6,212,15.0,37.374
1,6,213,12.0,37.2
1,6,214,9.0,38.034
1,6,215,12.0,38.55
1,6,216,12.0,38.556
1,6,217,9.0,39.258
1,6,218,12.0,38.442
1,6,219,12.0,38.244
1,6,220,12.0,38.592
1,6,221,9.0,39.18
1,6,222,9.0,39.036
1,6,223,12.0,39.336
1,6,224,12.0,39.264
1,6,225,9.0,38.418
1,6,226,15.0,38.268
1,6,227,12.0,37.836
1,6,228,12.0,37.938
1,6,229,15.0,38.874
1,6,230,15.0,38.634
1,6,231,18.0,39.144
1,6,232,15.0,38.73
1,6,233,12.0,37.644
1,6,234,12.0,38.808
1,6,235,9.0,38.724
1,6,236,15.0,38.79
1,6,237,15.0,38.454
1,6,238,12.0,39.33
1,6,239,15.0,39.522
1,6,240,12.0,39.972
1,6,241,12.0,40.416
1,6,242,15.0,40.392
1,6,243,12.0,41.7
1,6,244,12.0,40.482
1,6,245,12.0,40.8
1,6,246,15.0,41.982
1,6,247,15.0,41.904
1,6,248,15.0,41.292
1,6,249,12.0,42.216
1,6,250,18.0,42.15
1,6,251,18.0,41.466
1,6,252,12.0,41.226
1,6,253,15.0,41.244
1,6,254,15.0,41.31
1,6,255,15.0,40.452
1,6,256,15.0,40.614
1,6,257,9.0,39.678
1,6,258,12.0,38.652
1,6,259,15.0,38.82
1,6,260,15.0,39.06
1,6,261,15.0,39.48
1,6,262,9.0,38.694
1,6,263,15.0,38.706
1,6,264,9.0,39.21
1,6,265,12.0,38.754
1,6,266,15.0,37.98
1,6,267,9.0,37.926
1,6,268,12.0,38.778
1,6,269,12.0,38.682
1,6,270,12.0,38.472
1,6,271,12.0,38.304
1,6,272,15.0,38.1
1,6,273,12.0,38.652
1,6,274,12.0,38.826
1,6,275,12.0,38.886
1,6,276,12.0,38.658
1,6,277,12.0,39.42
1,6,278,15.0,38.844
1,6,279,12.0,38.922
1,6,280,9.0,39.66
1,6,281,12.0,40.254
1,6,282,6.0,39.438
1,6,283,15.0,39.336
1,6,284,12.0,39.114
1,6,285,12.0,39.39
1,6,286,12.0,39.468
1,6,287,12.0,39.45
1,6,288,9.0,38.628
1,6,289,12.0,38.832
1,6,290,15.0,38.424
1,6,291,12.0,39.03
1,6,292,15.0,39.318
1,6,293,9.0,38.736
1,6,294,15.0,39.498
1,6,295,6.0,37.686
1,6,296,9.0,38.43
1,6,297,12.0,39.258
1,6,298,12.0,39.828
1,6,299,12.0,39.894
1,6,300,6.0,39.84
1,6,301,12.0,39.87
1,6,302,12.0,39.762
1,6,303,15.0,40.23
1,6,304,12.0,40.488
1,6,305,15.0,41.076
1,6,306,12.0,41.052
1,6,307,12.0,41.28
1,6,308,12.0,40.17
1,6,309,9.0,39.57
1,6,310,15.0,39.624
1,6,311,9.0,38.184
1,6,312,12.0,37.668
1,6,313,12.0,37.818
1,6,314,15.0,37.824
1,6,315,12.0,38.184
1,6,316,9.0,37.674
1,6,317,9.0,37.164
1,6,318,9.0,36.612
1,6,319,9.0,37.794
1,6,320,12.0,37.392
1,6,321,12.0,38.082
1,6,322,9.0,39.936
1,6,323,9.0,39.444
1,6,324,12.0,39.132
1,6,325,12.0,38.904
1,6,326,12.0,39.378
1,6,327,9.0,38.55
1,6,328,12.0,39.162
1,6,329,9.0,38.988
1,6,330,9.0,39.966
1,6,331,6.0,39.324
1,6,332,9.0,39.366
1,6,333,12.0,38.94
1,6,334,12.0,38.766
1,6,335,12.0,38.364
1,6,336,12.0,39.024
1,6,337,9.0,39.084
1,6,338,9.0,38.652
1,6,339,15.0,38.28
1,6,340,12.0,38.82
1,6,341,12.0,38.136
1,6,342,15.0,38.394
1,6,343,12.0,39.006
1,6,344,9.0,38.76
1,6,345,12.0,38.526
1,6,346,12.0,38.028
1,6,347,12.0,38.484
1,6,348,12.0,38.784
1,6,349,12.0,39.6
1,6,350,12.0,39.348
1,6,351,12.0,37.8
1,6,352,12.0,38.028
1,6,353,12.0,37.728
1,6,354,12.0,37.434
1,6,355,12.0,38.868
1,6,356,12.0,38.52
1,6,357,6.0,37.98
1,6,358,9.0,37.638
1,6,359,12.0,38.4
1,6,360,15.0,37.608
1,6,361,9.0,38.106
1,6,362,15.0,37.56
1,6,363,12.0,37.356
1,6,364,9.0,36.78
1,6,365,12.0,35.646
1,6,366,12.0,35.562
1,6,367,9.0,35.496
1,6,368,6.0,36.156
1,6,369,9.0,35.802
1,6,370,12.0,35.256
1,6,371,9.0,35.676
1,6,372,15.0,36.216
1,6,373,9.0,36.378
1,6,374,9.0,35.808
1,6,375,12.0,35.622
1,6,376,9.0,35.208
1,6,377,9.0,34.764
1,6,378,9.0,34.224
1,6,379,9.0,33.996
1,6,380,9.0,34.992
1,6,381,9.0,35.586
1,6,382,9.0,35.874
1,6,383,9.0,35.778
1,6,384,6.0,35.19
1,6,385,6.0,35.58
1,6,386,9.0,34.968
1,6,387,6.0,34.716
1,6,388,9.0,34.554
1,6,389,9.0,33.792
1,6,390,6.0,34.44
1,6,391,9.0,35.13
1,6,392,9.0,35.154
1,6,393,9.0,35.04
1,6,394,9.0,34.29
1,6,395,6.0,34.56
1,6,396,12.0,35.172
1,6,397,6.0,34.734
1,6,398,9.0,35.694
1,6,399,15.0,36.54
1,6,400,9.0,36.786
1,6,401,9.0,35.784
1,6,402,9.0,34.716
1,6,403,9.0,35.256
1,6,404,6.0,35.694
1,6,405,6.0,35.568
1,6,406,12.0,34.764
1,6,407,6.0,35.274
1,6,408,6.0,35.094
1,6,409,9.0,35.22
1,6,410,6.0,35.154
1,6,411,9.0,34.08
1,6,412,6.0,33.888
1,6,413,9.0,34.65
1,6,414,9.0,35.154
1,6,415,9.0,35.334
1,6,416,6.0,34.644
1,6,417,6.0,35.292
1,6,418,9.0,35.1
1,6,419,9.0,34.77
1,6,420,9.0,35.7
1,6,421,3.0,35.028
1,6,422,6.0,35.112
1,6,423,6.0,35.562
1,6,424,6.0,36.246
1,6,425,9.0,34.878
1,6,426,3.0,34.848
1,6,427,9.0,34.806
1,6,428,6.0,34.872
1,6,429,6.0,34.314
1,6,430,9.0,35.19
1,6,431,9.0,35.604
1,6,432,12.0,36.636
1,6,433,9.0,36.486
1,6,434,6.0,36.39
1,6,435,9.0,35.328
1,6,436,6.0,35.262
1,6,437,9.0,35.202
1,6,438,9.0,34.872
1,6,439,12.0,35.37
1,6,440,12.0,35.604
1,6,441,9.0,35.52
1,6,442,9.0,35.34
1,6,443,9.0,35.076
1,6,444,9.0,35.106
1,6,445,9.0,34.842
1,6,446,6.0,34.5
1,6,447,9.0,35.172
1,6,448,9.0,35.28
1,6,449,9.0,35.634
1,6,450,6.0,34.902
1,6,451,9.0,35.556
1,6,452,9.0,35.442
1,6,453,9.0,35.064
1,6,454,6.0,35.298
1,6,455,9.0,35.55
1,6,456,9.0,35.976
1,6,457,9.0,36.372
1,6,458,6.0,36.258
1,6,459,9.0,37.05
1,6,460,6.0,37.794
1,6,461,6.0,37.344
1,6,462,9.0,37.344
1,6,463,3.0,37.17
1,6,464,6.0,37.08
1,6,465,9.0,37.098
1,6,466,6.0,37.2
1,6,467,9.0,37.488
1,6,468,6.0,37.326
1,6,469,6.0,37.086
1,6,470,12.0,37.104
1,6,471,6.0,36.648
1,6,472,3.0,36.42
1,6,473,12.0,36.63
1,6,474,9.0,37.806
1,6,475,12.0,37.434
1,6,476,9.0,37.764
1,6,477,9.0,38.646
1,6,478,9.0,37.566
1,6,479,9.0,38.22
1,6,480,9.0,37.452
1,6,481,6.0,37.14
1,6,482,12.0,37.71
1,6,483,6.0,39.09
1,6,484,9.0,39.642
1,6,485,9.0,39.9
1,6,486,9.0,39.546
1,6,487,12.0,39.168
1,6,488,15.0,39.102
1,6,489,6.0,39.774
1,6,490,9.0,40.014
1,6,491,15.0,39.564
1,6,492,12.0,39.204
1,6,493,12.0,39.294
1,6,494,12.0,39.762
1,6,495,12.0,40.32
1,6,496,12.0,39.582
1,6,497,12.0,39.666
1,6,498,9.0,38.382
1,6,499,9.0,38.796
1,7,0,69.0,121.572
1,7,1,72.0,118.764
1,7,2,72.0,115.104
1,7,3,75.0,114.81
1,7,4,66.0,112.506
1,7,5,63.0,112.254
1,7,6,63.0,109.14
1,7,7,66.0,107.778
1,7,8,48.0,105.762
1,7,9,63.0,105.144
1,7,10,60.0,103.35
1,7,11,54.0,102.114
1,7,12,60.0,101.28
1,7,13,51.0,98.118
1,7,14,45.0,96.504
1,7,15,51.0,97.59
1,7,16,54.0,96.258
1,7,17,63.0,94.986
1,7,18,51.0,91.848
1,7,19,54.0,91.842
1,7,20,51.0,90.18
1,7,21,51.0,88.788
1,7,22,48.0,87.624
1,7,23,51.0,86.124
1,7,24,51.0,84.33
1,7,25,51.0,84.522
1,7,26,42.0,82.032
1,7,27,42.0,81.318
1,7,28,42.0,80.91
1,7,29,45.0,78.852
1,7,30,39.0,76.722
1,7,31,42.0,75.822
1,7,32,42.0,75.762
1,7,33,42.0,75.504
1,7,34,42.0,75.888
1,7,35,45.0,74.862
1,7,36,39.0,72.966
1,7,37,36.0,70.986
1,7,38,33.0,70.788
1,7,39,36.0,70.182
1,7,40,42.0,69.768
1,7,41,36.0,69.156
1,7,42,39.0,68.202
1,7,43,33.0,66.342
1,7,44,33.0,66.198
1,7,45,36.0,66.522
1,7,46,33.0,66.918
1,7,47,33.0,65.976
1,7,48,36.0,65.514
1,7,49,33.0,64.47
1,7,50,36.0,65.214
1,7,51,33.0,63.936
1,7,52,27.0,63.624
1,7,53,33.0,63.378
1,7,54,33.0,62.268
1,7,55,33.0,62.22
1,7,56,30.0,61.014
1,7,57,30.0,60.432
1,7,58,27.0,60.33
1,7,59,30.0,60.654
1,7,60,30.0,60.12
1,7,61,30.0,59.838
1,7,62,33.0,58.236
1,7,63,27.0,58.368
1,7,64,30.0,58.536
1,7,65,30.0,58.11
1,7,66,33.0,58.104
1,7,67,27.0,56.73
1,7,68,30.0,56.856
1,7,69,30.0,56.094
1,7,70,30.0,55.776
1,7,71,24.0,55.938
1,7,72,27.0,56.25
1,7,73,27.0,55.698
1,7,74,27.0,55.866
1,7,75,27.0,56.544
1,7,76,21.0,55.44
1,7,77,24.0,55.188
1,7,78,30.0,55.896
1,7,79,27.0,54.282
1,7,80,24.0,53.004
1,7,81,27.0,50.814
1,7,82,24.0,50.016
1,7,83,24.0,49.836
1,7,84,24.0,49.806
1,7,85,24.0,49.536
1,7,86,18.0,49.764
1,7,87,24.0,49.758
1,7,88,24.0,49.326
1,7,89,21.0,49.518
1,7,90,24.0,49.452
1,7,91,24.0,49.47
1,7,92,18.0,50.046
1,7,93,21.0,49.83
1,7,94,18.0,49.296
1,7,95,24.0,49.884
1,7,96,24.0,50.562
1,7,97,27.0,49.722
1,7,98,24.0,49.776
1,7,99,24.0,49.704
1,7,100,24.0,49.584
1,7,101,18.0,50.214
1,7,102,21.0,49.068
1,7,103,21.0,48.57
1,7,104,21.0,49.368
1,7,105,21.0,48.63
1,7,106,27.0,48.648
1,7,107,18.0,47.31
1,7,108,21.0,47.562
1,7,109,21.0,48.072
1,7,110,15.0,46.704
1,7,111,21.0,46.914
1,7,112,24.0,47.754
1,7,113,18.0,47.304
1,7,114,21.0,46.986
1,7,115,18.0,47.076
1,7,116,21.0,46.734
1,7,117,21.0,47.13
1,7,118,24.0,47.55
1,7,119,18.0,46.722
1,7,120,24.0,46.716
1,7,121,21.0,47.256
1,7,122,18.0,46.038
1,7,123,24.0,45.252
1,7,124,18.0,45.42
1,7,125,18.0,45.144
1,7,126,18.0,45.396
1,7,127,15.0,45.024
1,7,128,15.0,45.354
1,7,129,21.0,45.216
1,7,130,18.0,45.468
1,7,131,18.0,44.232
1,7,132,18.0,43.422
1,7,133,18.0,43.338
1,7,134,18.0,44.142
1,7,135,15.0,44.46
1,7,136,21.0,44.034
1,7,137,15.0,43.842
1,7,138,18.0,43.842
1,7,139,18.0,44.046
1,7,140,15.0,44.052
1,7,141,18.0,43.818
1,7,142,18.0,44.16
1,7,143,12.0,44.172
1,7,144,18.0,43.638
1,7,145,15.0,42.708
1,7,146,18.0,43.422
1,7,147,15.0,42.0
1,7,148,15.0,41.736
1,7,149,12.0,41.16
1,7,150,18.0,41.4
1,7,151,15.0,41.514
1,7,152,15.0,42.318
1,7,153,15.0,42.162
1,7,154,15.0,41.526
1,7,155,9.0,42.456
1,7,156,15.0,42.252
1,7,157,18.0,42.0
1,7,158,12.0,42.318
1,7,159,15.0,42.414
1,7,160,15.0,42.57
1,7,161,12.0,42.576
1,7,162,18.0,43.008
1,7,163,18.0,43.014
1,7,164,15.0,42.72
1,7,165,18.0,42.024
1,7,166,15.0,41.286
1,7,167,15.0,41.628
1,7,168,15.0,40.95
1,7,169,15.0,41.166
1,7,170,12.0,41.154
1,7,171,15.0,41.718
1,7,172,18.0,42.126
1,7,173,15.0,42.0
1,7,174,15.0,41.07
1,7,175,12.0,40.092
1,7,176,15.0,40.188
1,7,177,12.0,39.72
1,7,178,18.0,40.428
1,7,179,15.0,40.884
1,7,180,15.0,40.338
1,7,181,12.0,39.816
1,7,182,15.0,39.678
1,7,183,15.0,40.878
1,7,184,18.0,40.296
1,7,185,12.0,41.31
1,7,186,15.0,41.01
1,7,187,18.0,40.86
1,7,188,9.0,40.674
1,7,189,15.0,40.68
1,7,190,12.0,40.548
1,7,191,18.0,40.932
1,7,192,18.0,41.316
1,7,193,12.0,41.298
1,7,194,12.0,42.066
1,7,195,12.0,41.424
1,7,196,15.0,41.166
1,7,197,15.0,41.538
1,7,198,15.0,41.136
1,7,199,15.0,41.058
1,7,200,15.0,41.574
1,7,201,15.0,40.182
1,7,202,15.0,40.02
1,7,203,15.0,38.868
1,7,204,12.0,38.814
1,7,205,12.0,40.08
1,7,206,12.0,39.936
1,7,207,12.0,40.164
1,7,208,12.0,39.738
1,7,209,15.0,40.158
1,7,210,15.0,40.536
1,7,211,15.0,39.816
1,7,212,15.0,39.678
1,7,213,15.0,40.104
1,7,214,12.0,39.87
1,7,215,15.0,40.344
1,7,216,15.0,40.758
1,7,217,9.0,40.758
1,7,218,18.0,40.896
1,7,219,15.0,40.998
1,7,220,18.0,41.346
1,7,221,18.0,42.036
1,7,222,15.0,41.904
1,7,223,12.0,40.926
1,7,224,12.0,41.778
1,7,225,18.0,40.836
1,7,226,15.0,41.13
1,7,227,18.0,41.538
1,7,228,12.0,41.646
1,7,229,9.0,42.15
1,7,230,18.0,42.276
1,7,231,15.0,42.888
1,7,232,18.0,42.666
1,7,233,15.0,43.146
1,7,234,18.0,42.444
1,7,235,15.0,42.54
1,7,236,18.0,42.546
1,7,237,15.0,42.384
1,7,238,12.0,42.846
1,7,239,15.0,43.89
1,7,240,18.0,43.344
1,7,241,15.0,42.966
1,7,242,12.0,42.078
1,7,243,18.0,41.502
1,7,244,18.0,41.568
1,7,245,18.0,40.644
1,7,246,18.0,41.064
1,7,247,15.0,42.006
1,7,248,18.0,41.946
1,7,249,15.0,41.934
1,7,250,9.0,42.426
1,7,251,15.0,42.048
1,7,252,15.0,42.828
1,7,253,15.0,43.452
1,7,254,15.0,43.68
1,7,255,18.0,43.164
1,7,256,15.0,43.674
1,7,257,21.0,44.532
1,7,258,18.0,44.76
1,7,259,18.0,44.322
1,7,260,15.0,44.676
1,7,261,15.0,45.318
1,7,262,12.0,44.808
1,7,263,15.0,43.614
1,7,264,21.0,44.19
1,7,265,18.0,44.118
1,7,266,15.0,43.728
1,7,267,18.0,44.136
1,7,268,18.0,43.65
1,7,269,12.0,43.668
1,7,270,12.0,42.984
1,7,271,12.0,43.074
1,7,272,15.0,43.266
1,7,273,12.0,43.98
1,7,274,18.0,44.442
1,7,275,18.0,44.268
1,7,276,15.0,43.374
1,7,277,15.0,43.056
1,7,278,15.0,43.086
1,7,279,15.0,42.606
1,7,280,15.0,42.366
1,7,281,18.0,42.024
1,7,282,12.0,41.922
1,7,283,18.0,41.91
1,7,284,15.0,42.312
1,7,285,15.0,41.808
1,7,286,15.0,41.91
1,7,287,18.0,42.024
1,7,288,15.0,41.766
1,7,289,18.0,41.748
1,7,290,15.0,41.52
1,7,291,15.0,42.162
1,7,292,18.0,41.694
1,7,293,15.0,42.972
1,7,294,15.0,42.066
1,7,295,18.0,42.714
1,7,296,12.0,42.264
1,7,297,18.0,42.498
1,7,298,15.0,42.162
1,7,299,18.0,43.188
1,7,300,18.0,43.722
1,7,301,12.0,42.81
1,7,302,12.0,43.158
1,7,303,18.0,42.102
1,7,304,15.0,41.664
1,7,305,15.0,40.848
1,7,306,18.0,41.37
1,7,307,12.0,41.22
1,7,308,18.0,42.336
1,7,309,12.0,42.48
1,7,310,15.0,42.456
1,7,311,12.0,43.086
1,7,312,15.0,42.726
1,7,313,15.0,42.864
1,7,314,18.0,43.236
1,7,315,12.0,42.378
1,7,316,12.0,43.188
1,7,317,15.0,43.476
1,7,318,18.0,43.428
1,7,319,18.0,43.752
1,7,320,15.0,42.912
1,7,321,15.0,42.57
1,7,322,12.0,42.444
1,7,323,12.0,41.256
1,7,324,18.0,42.12
1,7,325,18.0,41.964
1,7,326,12.0,41.598
1,7,327,12.0,42.15
1,7,328,18.0,41.646
1,7,329,12.0,40.908
1,7,330,15.0,41.586
1,7,331,15.0,42.042
1,7,332,15.0,41.976
1,7,333,15.0,41.904
1,7,334,18.0,41.652
1,7,335,18.0,41.154
1,7,336,12.0,41.58
1,7,337,15.0,41.76
1,7,338,15.0,42.252
1,7,339,15.0,41.508
1,7,340,12.0,42.348
1,7,341,12.0,41.322
1,7,342,15.0,41.85
1,7,343,12.0,41.4
1,7,344,15.0,41.826
1,7,345,12.0,41.7
1,7,346,18.0,42.24
1,7,347,12.0,41.868
1,7,348,18.0,42.63
1,7,349,18.0,41.91
1,7,350,15.0,42.24
1,7,351,15.0,41.994
1,7,352,15.0,41.154
1,7,353,15.0,42.048
1,7,354,15.0,41.85
1,7,355,18.0,42.24
1,7,356,15.0,41.994
1,7,357,15.0,41.508
1,7,358,18.0,41.862
1,7,359,18.0,42.33
1,7,360,15.0,42.036
1,7,361,18.0,41.322
1,7,362,12.0,40.95
1,7,363,12.0,41.55
1,7,364,15.0,41.298
1,7,365,15.0,40.8
1,7,366,15.0,41.352
1,7,367,15.0,40.848
1,7,368,12.0,40.188
1,7,369,12.0,39.996
1,7,370,12.0,40.164
1,7,371,12.0,39.558
1,7,372,15.0,38.406
1,7,373,12.0,39.126
1,7,374,15.0,39.414
1,7,375,12.0,38.946
1,7,376,15.0,38.262
1,7,377,12.0,39.366
1,7,378,18.0,40.056
1,7,379,9.0,39.096
1,7,380,15.0,40.296
1,7,381,15.0,40.428
1,7,382,15.0,40.272
1,7,383,12.0,39.828
1,7,384,12.0,39.33
1,7,385,12.0,38.814
1,7,386,12.0,38.49
1,7,387,12.0,39.912
1,7,388,12.0,39.84
1,7,389,12.0,39.948
1,7,390,15.0,39.474
1,7,391,18.0,39.618
1,7,392,18.0,4