R,G,bestF,avgF
1,0,491.0,470.832
1,1,494.0,473.706
1,2,494.0,475.636
1,3,497.0,478.418
1,4,498.0,480.5
1,5,500.0,482.468
1,6,501.0,483.966
1,7,510.0,485.262
1,8,509.0,486.924
1,9,503.0,488.512
1,10,506.0,490.258
1,11,509.0,491.45
1,12,507.0,492.77
1,13,508.0,493.672
1,14,510.0,494.814
1,15,511.0,495.936
1,16,512.0,496.65
1,17,512.0,497.976
1,18,515.0,498.822
1,19,515.0,499.944
1,20,516.0,500.858
1,21,515.0,501.696
1,22,515.0,502.262
1,23,516.0,502.754
1,24,518.0,503.72
1,25,522.0,505.288
1,26,522.0,506.216
1,27,520.0,506.814
1,28,520.0,507.768
1,29,523.0,508.686
1,30,523.0,509.308
1,31,523.0,510.246
1,32,524.0,510.886
1,33,524.0,511.434
1,34,523.0,511.994
1,35,524.0,512.348
1,36,524.0,513.26
1,37,525.0,514.052
1,38,524.0,514.28
1,39,524.0,514.53
1,40,524.0,515.048
1,41,525.0,515.662
1,42,524.0,516.256
1,43,527.0,517.172
1,44,526.0,517.252
1,45,526.0,517.362
1,46,528.0,517.786
1,47,527.0,517.906
1,48,529.0,518.366
1,49,527.0,518.948
1,50,528.0,519.482
1,51,529.0,520.034
1,52,529.0,520.26
1,53,530.0,520.602
1,54,528.0,521.034
1,55,529.0,521.278
1,56,529.0,521.48
1,57,530.0,521.618
1,58,529.0,521.696
1,59,530.0,521.886
1,60,530.0,521.984
1,61,530.0,522.676
1,62,531.0,522.972
1,63,531.0,523.218
1,64,530.0,523.294
1,65,532.0,523.254
1,66,531.0,523.604
1,67,531.0,523.672
1,68,530.0,523.472
1,69,531.0,523.74
1,70,531.0,523.848
1,71,531.0,523.702
1,72,531.0,523.998
1,73,531.0,524.184
1,74,530.0,524.31
1,75,531.0,524.114
1,76,533.0,524.158
1,77,533.0,524.144
1,78,531.0,524.132
1,79,531.0,524.446
1,80,532.0,524.51
1,81,532.0,524.838
1,82,533.0,524.83
1,83,533.0,524.946
1,84,533.0,525.07
1,85,532.0,525.27
1,86,534.0,525.598
1,87,533.0,525.568
1,88,533.0,525.772
1,89,534.0,526.006
1,90,533.0,525.87
1,91,533.0,525.564
1,92,532.0,525.626
1,93,533.0,525.93
1,94,533.0,526.012
1,95,533.0,526.28
1,96,533.0,526.422
1,97,533.0,526.628
1,98,534.0,526.774
1,99,534.0,526.884
1,100,534.0,526.854
1,101,534.0,527.036
1,102,534.0,527.09
1,103,534.0,527.16
1,104,534.0,527.292
1,105,534.0,527.646
1,106,534.0,527.374
1,107,534.0,527.374
1,108,534.0,527.334
1,109,534.0,527.316
1,110,534.0,527.596
1,111,534.0,527.254
1,112,534.0,527.236
1,113,534.0,527.618
1,114,534.0,527.83
1,115,534.0,528.002
1,116,534.0,527.96
1,117,534.0,527.892
1,118,534.0,527.742
1,119,534.0,527.968
1,120,534.0,528.1
1,121,534.0,528.282
1,122,534.0,528.424
1,123,534.0,528.53
1,124,534.0,528.246
1,125,534.0,528.478
1,126,534.0,528.258
1,127,534.0,528.358
1,128,534.0,528.498
1,129,534.0,528.248
1,130,534.0,528.124
1,131,534.0,527.938
1,132,534.0,527.92
1,133,534.0,527.888
1,134,534.0,528.102
1,135,534.0,528.17
1,136,534.0,528.362
1,137,534.0,528.206
1,138,534.0,528.13
1,139,534.0,528.176
1,140,534.0,527.98
1,141,534.0,527.996
1,142,534.0,527.906
1,143,534.0,528.104
1,144,534.0,528.11
1,145,534.0,528.31
1,146,534.0,528.63
1,147,534.0,528.612
1,148,534.0,528.664
1,149,534.0,528.554
1,150,534.0,528.764
1,151,534.0,528.464
1,152,534.0,528.378
1,153,534.0,528.444
1,154,534.0,528.674
1,155,534.0,528.446
1,156,534.0,528.468
1,157,534.0,528.346
1,158,534.0,528.386
1,159,534.0,528.252
1,160,534.0,528.45
1,161,534.0,528.308
1,162,534.0,528.404
1,163,534.0,528.536
1,164,534.0,528.18
1,165,534.0,528.478
1,166,534.0,528.436
1,167,534.0,528.188
1,168,534.0,528.292
1,169,534.0,528.314
1,170,534.0,528.302
1,171,534.0,528.52
1,172,534.0,528.352
1,173,534.0,528.714
1,174,534.0,528.382
1,175,534.0,528.448
1,176,535.0,528.394
1,177,534.0,528.55
1,178,534.0,528.494
1,179,534.0,528.452
1,180,534.0,528.606
1,181,534.0,528.502
1,182,534.0,528.814
1,183,534.0,528.784
1,184,534.0,528.672
1,185,534.0,528.68
1,186,534.0,528.49
1,187,534.0,528.586
1,188,534.0,528.58
1,189,534.0,528.494
1,190,535.0,528.48
1,191,534.0,528.796
1,192,534.0,528.612
1,193,534.0,528.492
1,194,534.0,528.754
1,195,534.0,528.466
1,196,534.0,528.348
1,197,534.0,528.324
1,198,534.0,528.188
1,199,534.0,528.346
1,200,534.0,528.432
1,201,534.0,528.886
1,202,534.0,528.722
1,203,534.0,528.618
1,204,534.0,528.706
1,205,534.0,528.656
1,206,534.0,528.55
1,207,534.0,528.36
1,208,534.0,528.512
1,209,534.0,528.578
1,210,534.0,528.532
1,211,534.0,528.8
1,212,534.0,528.932
1,213,534.0,528.558
1,214,534.0,528.24
1,215,534.0,528.43
1,216,534.0,528.37
1,217,534.0,528.212
1,218,534.0,527.994
1,219,534.0,528.192
1,220,534.0,528.402
1,221,534.0,528.402
1,222,534.0,528.704
1,223,534.0,528.774
1,224,534.0,528.606
1,225,534.0,528.656
1,226,534.0,528.496
1,227,534.0,528.43
1,228,534.0,528.356
1,229,534.0,528.452
1,230,534.0,528.514
1,231,534.0,528.456
1,232,534.0,528.592
1,233,534.0,528.284
1,234,534.0,528.232
1,235,534.0,528.33
1,236,534.0,528.172
1,237,534.0,528.068
1,238,534.0,528.466
1,239,534.0,528.458
1,240,534.0,528.088
1,241,534.0,528.488
1,242,534.0,528.562
1,243,534.0,528.624
1,244,534.0,528.58
1,245,534.0,528.538
1,246,534.0,528.542
1,247,534.0,528.602
1,248,534.0,528.562
1,249,534.0,528.518
1,250,534.0,528.524
1,251,534.0,528.832
1,252,534.0,529.094
1,253,534.0,528.8
1,254,534.0,528.836
1,255,534.0,528.9
1,256,534.0,528.822
1,257,534.0,528.638
1,258,534.0,528.512
1,259,534.0,528.478
1,260,534.0,528.712
1,261,534.0,528.802
1,262,534.0,528.618
1,263,534.0,528.762
1,264,534.0,528.79
1,265,534.0,528.612
1,266,534.0,528.684
1,267,534.0,528.45
1,268,534.0,528.554
1,269,534.0,528.514
1,270,534.0,528.692
1,271,534.0,528.556
1,272,534.0,528.396
1,273,534.0,528.572
1,274,534.0,528.768
1,275,534.0,528.648
1,276,534.0,528.808
1,277,534.0,528.792
1,278,534.0,528.678
1,279,534.0,528.78
1,280,534.0,528.686
1,281,534.0,528.48
1,282,534.0,528.662
1,283,534.0,528.598
1,284,534.0,528.838
1,285,534.0,528.878
1,286,534.0,528.498
1,287,534.0,528.568
1,288,534.0,528.544
1,289,534.0,528.96
1,290,534.0,528.912
1,291,534.0,529.13
1,292,534.0,529.04
1,293,534.0,528.776
1,294,534.0,528.738
1,295,534.0,528.846
1,296,534.0,528.714
1,297,534.0,528.344
1,298,534.0,528.828
1,299,534.0,529.188
1,300,534.0,529.142
1,301,534.0,529.092
1,302,534.0,528.918
1,303,534.0,528.448
1,304,534.0,528.68
1,305,534.0,528.372
1,306,534.0,528.418
1,307,534.0,528.48
1,308,534.0,528.378
1,309,534.0,528.552
1,310,534.0,528.75
1,311,534.0,528.628
1,312,534.0,528.782
1,313,534.0,528.68
1,314,534.0,528.48
1,315,534.0,528.458
1,316,534.0,528.444
1,317,534.0,528.444
1,318,534.0,528.23
1,319,534.0,528.084
1,320,534.0,528.17
1,321,534.0,528.13
1,322,534.0,528.232
1,323,534.0,528.214
1,324,534.0,528.18
1,325,534.0,528.028
1,326,534.0,527.868
1,327,534.0,527.994
1,328,534.0,528.17
1,329,534.0,528.08
1,330,534.0,528.264
1,331,534.0,528.41
1,332,534.0,528.506
1,333,534.0,528.692
1,334,534.0,528.68
1,335,534.0,528.53
1,336,534.0,528.496
1,337,534.0,528.444
1,338,534.0,528.596
1,339,534.0,528.432
1,340,534.0,528.55
1,341,534.0,528.71
1,342,534.0,528.44
1,343,534.0,528.532
1,344,534.0,528.332
1,345,534.0,528.692
1,346,534.0,528.638
1,347,534.0,528.492
1,348,534.0,528.072
1,349,534.0,528.09
1,350,534.0,528.21
1,351,534.0,528.468
1,352,534.0,528.584
1,353,534.0,528.572
1,354,534.0,528.698
1,355,534.0,528.498
1,356,534.0,528.438
1,357,534.0,528.594
1,358,534.0,528.526
1,359,534.0,528.89
1,360,534.0,529.152
1,361,534.0,529.252
1,362,534.0,529.19
1,363,534.0,529.042
1,364,534.0,528.872
1,365,534.0,529.06
1,366,534.0,528.7
1,367,534.0,528.508
1,368,534.0,528.452
1,369,534.0,528.578
1,370,534.0,528.618
1,371,534.0,528.22
1,372,534.0,528.522
1,373,534.0,528.464
1,374,534.0,528.576
1,375,534.0,528.374
1,376,534.0,528.408
1,377,534.0,528.302
1,378,534.0,528.22
1,379,534.0,528.114
1,380,534.0,527.912
1,381,534.0,528.218
1,382,534.0,528.178
1,383,534.0,528.068
1,384,534.0,528.006
1,385,534.0,528.092
1,386,534.0,528.226
1,387,534.0,528.428
1,388,534.0,528.22
1,389,534.0,528.468
1,390,534.0,528.664
1,391,534.0,528.576
1,392,534.0,528.602
1,393,534.0,528.65
1,394,534.0,528.748
1,395,534.0,528.744
1,396,534.0,528.606
1,397,534.0,528.658
1,398,534.0,528.624
1,399,534.0,528.596
1,400,534.0,528.746
1,401,534.0,528.882
1,402,534.0,528.888
1,403,534.0,528.498
1,404,534.0,528.556
1,405,534.0,528.556
1,406,534.0,528.55
1,407,534.0,528.13
1,408,534.0,528.006
1,409,534.0,527.718
1,410,534.0,527.908
1,411,534.0,527.804
1,412,534.0,527.95
1,413,534.0,527.848
1,414,534.0,527.83
1,415,534.0,527.958
1,416,534.0,528.184
1,417,534.0,528.228
1,418,534.0,528.028
1,419,534.0,528.154
1,420,534.0,528.246
1,421,534.0,528.104
1,422,534.0,528.294
1,423,534.0,528.236
1,424,534.0,528.196
1,425,534.0,528.288
1,426,534.0,528.468
1,427,534.0,528.284
1,428,534.0,528.41
1,429,534.0,528.446
1,430,534.0,528.574
1,431,534.0,528.742
1,432,534.0,528.768
1,433,534.0,528.768
1,434,534.0,528.672
1,435,534.0,528.522
1,436,534.0,528.514
1,437,534.0,528.622
1,438,534.0,528.57
1,439,534.0,528.59
1,440,534.0,528.802
1,441,534.0,528.692
1,442,534.0,528.522
1,443,534.0,528.742
1,444,534.0,528.596
1,445,534.0,528.57
1,446,534.0,528.674
1,447,534.0,528.72
1,448,534.0,528.846
1,449,534.0,528.69
1,450,534.0,528.384
1,451,534.0,528.772
1,452,534.0,528.738
1,453,534.0,528.806
1,454,534.0,528.768
1,455,534.0,528.716
1,456,534.0,528.546
1,457,534.0,528.646
1,458,534.0,528.65
1,459,534.0,528.582
1,460,534.0,528.634
1,461,534.0,528.402
1,462,534.0,528.498
1,463,534.0,528.434
1,464,534.0,528.264
1,465,534.0,528.248
1,466,534.0,528.278
1,467,534.0,528.544
1,468,534.0,528.346
1,469,534.0,528.322
1,470,534.0,528.384
1,471,534.0,528.302
1,472,534.0,528.746
1,473,534.0,528.416
1,474,534.0,528.578
1,475,534.0,528.634
1,476,534.0,528.534
1,477,534.0,528.542
1,478,534.0,528.452
1,479,534.0,528.404
1,480,534.0,528.514
1,481,534.0,528.654
1,482,534.0,528.532
1,483,534.0,528.646
1,484,534.0,528.698
1,485,534.0,528.706
1,486,534.0,528.956
1,487,534.0,528.98
1,488,534.0,528.96
1,489,534.0,529.1
1,490,534.0,528.968
1,491,534.0,528.828
1,492,534.0,529.148
1,493,534.0,529.036
1,494,534.0,528.804
1,495,534.0,528.712
1,496,534.0,528.792
1,497,534.0,528.628
1,498,534.0,528.586
1,499,534.0,528.386
2,0,493.0,470.606
2,1,496.0,474.578
2,2,495.0,477.116
2,3,498.0,479.22
2,4,498.0,481.374
2,5,501.0,482.574
2,6,502.0,484.156
2,7,503.0,485.344
2,8,510.0,487.24
2,9,508.0,488.694
2,10,509.0,490.674
2,11,507.0,491.702
2,12,510.0,492.926
2,13,508.0,494.416
2,14,512.0,495.638
2,15,511.0,496.632
2,16,512.0,497.472
2,17,513.0,498.828
2,18,517.0,499.88
2,19,515.0,500.946
2,20,517.0,502.438
2,21,519.0,503.474
2,22,519.0,504.456
2,23,520.0,505.12
2,24,521.0,506.08
2,25,519.0,507.448
2,26,522.0,508.66
2,27,521.0,509.29
2,28,523.0,510.208
2,29,522.0,511.068
2,30,525.0,511.636
2,31,524.0,512.732
2,32,525.0,513.098
2,33,525.0,514.142
2,34,527.0,514.766
2,35,526.0,515.37
2,36,526.0,516.52
2,37,528.0,517.03
2,38,528.0,517.656
2,39,530.0,517.784
2,40,530.0,518.224
2,41,529.0,518.774
2,42,531.0,519.008
2,43,530.0,519.374
2,44,532.0,519.912
2,45,528.0,520.462
2,46,529.0,520.748
2,47,531.0,520.842
2,48,531.0,520.988
2,49,530.0,521.668
2,50,532.0,522.016
2,51,531.0,522.346
2,52,532.0,522.18
2,53,531.0,523.002
2,54,531.0,523.224
2,55,531.0,523.508
2,56,532.0,523.682
2,57,532.0,524.076
2,58,532.0,524.466
2,59,533.0,524.734
2,60,533.0,525.098
2,61,532.0,525.286
2,62,532.0,525.48
2,63,532.0,525.308
2,64,532.0,525.444
2,65,533.0,525.412
2,66,532.0,525.544
2,67,533.0,525.872
2,68,533.0,526.126
2,69,533.0,526.38
2,70,533.0,526.6
2,71,533.0,526.738
2,72,533.0,526.688
2,73,533.0,526.512
2,74,533.0,526.238
2,75,533.0,526.25
2,76,533.0,526.468
2,77,533.0,526.632
2,78,533.0,526.652
2,79,533.0,526.746
2,80,533.0,526.906
2,81,533.0,526.752
2,82,533.0,527.0
2,83,533.0,526.904
2,84,533.0,527.202
2,85,533.0,527.268
2,86,533.0,527.308
2,87,533.0,527.494
2,88,533.0,527.48
2,89,533.0,527.464
2,90,533.0,527.286
2,91,534.0,527.528
2,92,533.0,527.522
2,93,533.0,527.9
2,94,533.0,527.814
2,95,533.0,527.688
2,96,534.0,527.452
2,97,533.0,527.73
2,98,534.0,527.972
2,99,534.0,528.078
2,100,534.0,527.882
2,101,534.0,527.88
2,102,534.0,527.752
2,103,534.0,527.522
2,104,534.0,527.322
2,105,534.0,527.326
2,106,534.0,527.41
2,107,534.0,527.446
2,108,534.0,527.526
2,109,534.0,527.62
2,110,534.0,527.802
2,111,534.0,527.81
2,112,533.0,527.8
2,113,534.0,527.648
2,114,534.0,527.866
2,115,534.0,527.788
2,116,534.0,528.06
2,117,534.0,527.818
2,118,534.0,527.848
2,119,534.0,528.056
2,120,534.0,528.0
2,121,534.0,527.96
2,122,534.0,528.02
2,123,534.0,527.994
2,124,534.0,528.076
2,125,534.0,528.234
2,126,534.0,527.982
2,127,534.0,527.638
2,128,534.0,527.972
2,129,534.0,527.88
2,130,534.0,528.158
2,131,534.0,527.894
2,132,534.0,528.108
2,133,534.0,528.056
2,134,534.0,528.136
2,135,534.0,527.92
2,136,534.0,528.008
2,137,534.0,527.996
2,138,534.0,527.764
2,139,534.0,528.066
2,140,534.0,528.024
2,141,534.0,528.036
2,142,534.0,527.612
2,143,535.0,527.672
2,144,535.0,527.69
2,145,534.0,527.728
2,146,534.0,527.54
2,147,534.0,527.528
2,148,535.0,527.832
2,149,535.0,527.574
2,150,534.0,527.718
2,151,534.0,528.056
2,152,534.0,527.85
2,153,534.0,527.778
2,154,535.0,527.888
2,155,535.0,527.934
2,156,534.0,527.914
2,157,534.0,527.876
2,158,534.0,528.404
2,159,534.0,528.44
2,160,534.0,528.33
2,161,535.0,528.546
2,162,535.0,528.522
2,163,535.0,528.692
2,164,534.0,528.522
2,165,534.0,528.184
2,166,534.0,528.336
2,167,534.0,528.5
2,168,534.0,528.482
2,169,535.0,528.398
2,170,535.0,528.476
2,171,535.0,528.662
2,172,534.0,528.346
2,173,535.0,528.48
2,174,535.0,528.716
2,175,535.0,528.81
2,176,535.0,528.55
2,177,535.0,528.756
2,178,535.0,528.378
2,179,535.0,528.494
2,180,534.0,528.66
2,181,535.0,528.482
2,182,534.0,528.53
2,183,535.0,528.496
2,184,535.0,528.596
2,185,534.0,528.438
2,186,534.0,528.538
2,187,534.0,528.43
2,188,535.0,528.548
2,189,535.0,528.596
2,190,535.0,528.564
2,191,535.0,528.318
2,192,534.0,528.426
2,193,535.0,528.544
2,194,535.0,528.566
2,195,535.0,528.478
2,196,535.0,528.39
2,197,535.0,528.17
2,198,535.0,528.176
2,199,535.0,528.166
2,200,535.0,528.294
2,201,535.0,528.318
2,202,535.0,528.354
2,203,535.0,528.206
2,204,535.0,528.09
2,205,535.0,528.316
2,206,535.0,528.458
2,207,535.0,528.652
2,208,535.0,528.532
2,209,535.0,528.604
2,210,535.0,528.668
2,211,535.0,528.78
2,212,535.0,528.704
2,213,535.0,528.718
2,214,535.0,528.902
2,215,535.0,529.086
2,216,535.0,529.178
2,217,535.0,528.934
2,218,535.0,528.752
2,219,535.0,528.92
2,220,535.0,528.642
2,221,535.0,529.086
2,222,535.0,528.738
2,223,535.0,528.63
2,224,535.0,528.758
2,225,535.0,528.496
2,226,535.0,528.634
2,227,535.0,528.9
2,228,535.0,528.858
2,229,535.0,528.778
2,230,535.0,528.746
2,231,535.0,528.978
2,232,535.0,528.878
2,233,535.0,529.386
2,234,535.0,529.518
2,235,535.0,529.416
2,236,535.0,529.298
2,237,535.0,529.06
2,238,535.0,529.304
2,239,535.0,529.274
2,240,535.0,529.496
2,241,535.0,529.48
2,242,535.0,529.766
2,243,535.0,529.598
2,244,535.0,529.54
2,245,535.0,529.434
2,246,535.0,529.584
2,247,535.0,529.538
2,248,535.0,529.392
2,249,535.0,529.276
2,250,535.0,529.108
2,251,535.0,528.98
2,252,535.0,529.02
2,253,535.0,528.994
2,254,535.0,529.21
2,255,535.0,529.12
2,256,535.0,529.292
2,257,535.0,529.296
2,258,535.0,529.352
2,259,535.0,529.538
2,260,535.0,529.462
2,261,535.0,529.474
2,262,535.0,529.296
2,263,535.0,529.052
2,264,535.0,529.228
2,265,535.0,528.978
2,266,535.0,528.916
2,267,535.0,529.11
2,268,535.0,529.492
2,269,535.0,529.254
2,270,535.0,529.218
2,271,535.0,529.306
2,272,535.0,529.412
2,273,535.0,529.16
2,274,535.0,529.052
2,275,535.0,529.412
2,276,535.0,529.232
2,277,535.0,529.118
2,278,535.0,529.274
2,279,535.0,529.264
2,280,535.0,529.002
2,281,535.0,529.048
2,282,535.0,528.892
2,283,535.0,528.804
2,284,535.0,528.92
2,285,535.0,528.624
2,286,535.0,528.932
2,287,535.0,528.994
2,288,535.0,529.078
2,289,535.0,529.088
2,290,535.0,528.968
2,291,535.0,528.712
2,292,535.0,529.064
2,293,535.0,529.112
2,294,535.0,529.36
2,295,535.0,529.426
2,296,535.0,529.432
2,297,535.0,529.3
2,298,535.0,529.26
2,299,535.0,529.05
2,300,535.0,529.024
2,301,535.0,528.696
2,302,535.0,528.868
2,303,535.0,528.686
2,304,535.0,529.108
2,305,535.0,529.224
2,306,535.0,528.986
2,307,535.0,529.198
2,308,535.0,529.112
2,309,535.0,528.852
2,310,535.0,529.002
2,311,535.0,528.906
2,312,535.0,529.068
2,313,535.0,528.842
2,314,535.0,528.612
2,315,535.0,528.872
2,316,535.0,528.748
2,317,535.0,528.99
2,318,535.0,529.19
2,319,535.0,529.328
2,320,535.0,529.338
2,321,535.0,529.29
2,322,535.0,529.236
2,323,535.0,529.332
2,324,535.0,529.252
2,325,535.0,529.278
2,326,535.0,529.25
2,327,535.0,529.134
2,328,535.0,529.216
2,329,535.0,528.984
2,330,535.0,528.898
2,331,535.0,529.366
2,332,535.0,529.012
2,333,535.0,529.404
2,334,535.0,529.438
2,335,535.0,529.378
2,336,535.0,529.498
2,337,535.0,529.05
2,338,535.0,528.906
2,339,535.0,528.986
2,340,535.0,529.062
2,341,535.0,529.022
2,342,535.0,529.338
2,343,535.0,529.156
2,344,535.0,529.008
2,345,535.0,528.968
2,346,535.0,528.566
2,347,535.0,529.022
2,348,535.0,528.956
2,349,535.0,528.976
2,350,535.0,529.03
2,351,535.0,529.082
2,352,535.0,529.264
2,353,535.0,529.118
2,354,535.0,528.968
2,355,535.0,529.03
2,356,535.0,528.948
2,357,535.0,529.28
2,358,535.0,529.056
2,359,535.0,528.71
2,360,535.0,529.05
2,361,535.0,529.036
2,362,535.0,529.004
2,363,535.0,529.048
2,364,535.0,529.136
2,365,535.0,529.29
2,366,535.0,529.32
2,367,535.0,529.464
2,368,535.0,529.45
2,369,535.0,529.546
2,370,535.0,529.506
2,371,535.0,529.716
2,372,535.0,529.252
2,373,535.0,529.61
2,374,535.0,529.514
2,375,535.0,529.176
2,376,535.0,529.194
2,377,535.0,529.17
2,378,535.0,529.386
2,379,535.0,529.542
2,380,535.0,529.294
2,381,535.0,528.98
2,382,535.0,528.656
2,383,535.0,528.92
2,384,535.0,529.128
2,385,535.0,528.912
2,386,535.0,529.372
2,387,535.0,529.418
2,388,535.0,529.254
2,389,535.0,529.27
2,390,535.0,529.2
2,391,535.0,529.15
2,392,535.0,528.846
2,393,535.0,529.024
2,394,535.0,528.964
2,395,535.0,529.046
2,396,535.0,529.07
2,397,535.0,529.274
2,398,535.0,529.016
2,399,535.0,528.916
2,400,535.0,529.03
2,401,535.0,529.146
2,402,535.0,529.118
2,403,535.0,529.008
2,404,535.0,529.01
2,405,535.0,529.088
2,406,535.0,528.982
2,407,535.0,529.5
2,408,535.0,529.316
2,409,535.0,529.2
2,410,535.0,528.864
2,411,535.0,529.134
2,412,535.0,529.228
2,413,535.0,529.166
2,414,535.0,529.134
2,415,535.0,528.976
2,416,535.0,529.134
2,417,535.0,529.058
2,418,535.0,529.224
2,419,535.0,529.348
2,420,535.0,529.572
2,421,535.0,529.33
2,422,535.0,529.466
2,423,535.0,529.33
2,424,535.0,529.472
2,425,535.0,529.432
2,426,535.0,529.27
2,427,535.0,529.348
2,428,535.0,529.38
2,429,535.0,529.544
2,430,535.0,529.486
2,431,535.0,529.458
2,432,535.0,529.36
2,433,535.0,529.31
2,434,535.0,529.344
2,435,535.0,529.422
2,436,535.0,529.626
2,437,535.0,529.42
2,438,535.0,529.376
2,439,535.0,529.238
2,440,535.0,529.47
2,441,535.0,529.05
2,442,535.0,529.102
2,443,535.0,529.238
2,444,535.0,529.056
2,445,535.0,529.16
2,446,535.0,529.182
2,447,535.0,529.104
2,448,535.0,528.946
2,449,535.0,528.916
2,450,535.0,528.68
2,451,535.0,528.836
2,452,535.0,528.982
2,453,535.0,529.268
2,454,535.0,529.222
2,455,535.0,529.202
2,456,535.0,529.248
2,457,535.0,529.172
2,458,535.0,529.136
2,459,535.0,529.228
2,460,535.0,529.178
2,461,535.0,529.108
2,462,535.0,529.034
2,463,535.0,528.852
2,464,535.0,529.094
2,465,535.0,529.296
2,466,535.0,528.994
2,467,535.0,529.254
2,468,535.0,529.232
2,469,535.0,529.174
2,470,535.0,529.368
2,471,535.0,529.232
2,472,535.0,528.936
2,473,535.0,528.78
2,474,535.0,528.996
2,475,535.0,529.21
2,476,535.0,528.978
2,477,535.0,529.266
2,478,535.0,529.266
2,479,535.0,529.404
2,480,535.0,529.502
2,481,535.0,529.23
2,482,535.0,529.284
2,483,535.0,529.002
2,484,535.0,529.024
2,485,535.0,528.818
2,486,535.0,528.886
2,487,535.0,528.722
2,488,535.0,528.954
2,489,535.0,529.022
2,490,535.0,528.982
2,491,535.0,528.926
2,492,535.0,529.198
2,493,535.0,528.896
2,494,535.0,529.068
2,495,535.0,528.998
2,496,535.0,529.32
2,497,535.0,529.194
2,498,535.0,529.17
2,499,535.0,528.99
3,0,494.0,470.592
3,1,497.0,473.976
3,2,493.0,476.264
3,3,504.0,478.394
3,4,500.0,480.246
3,5,499.0,481.74
3,6,505.0,483.498
3,7,500.0,485.182
3,8,507.0,486.506
3,9,509.0,488.624
3,10,507.0,489.814
3,11,509.0,491.138
3,12,508.0,492.248
3,13,508.0,493.08
3,14,511.0,494.966
3,15,511.0,496.53
3,16,516.0,497.462
3,17,511.0,498.502
3,18,514.0,499.652
3,19,514.0,500.102
3,20,514.0,500.76
3,21,514.0,501.908
3,22,517.0,502.562
3,23,517.0,503.264
3,24,517.0,504.19
3,25,518.0,504.75
3,26,521.0,506.068
3,27,518.0,506.43
3,28,521.0,507.122
3,29,521.0,507.932
3,30,519.0,508.592
3,31,523.0,509.1
3,32,522.0,509.82
3,33,521.0,510.226
3,34,522.0,511.07
3,35,522.0,512.014
3,36,525.0,512.382
3,37,526.0,513.44
3,38,524.0,514.116
3,39,524.0,514.756
3,40,525.0,515.232
3,41,525.0,515.506
3,42,526.0,515.958
3,43,526.0,516.176
3,44,525.0,516.648
3,45,526.0,516.956
3,46,527.0,517.362
3,47,526.0,517.742
3,48,526.0,518.252
3,49,527.0,518.484
3,50,526.0,518.544
3,51,526.0,518.724
3,52,527.0,519.302
3,53,527.0,519.364
3,54,528.0,519.384
3,55,527.0,519.598
3,56,528.0,519.93
3,57,528.0,520.508
3,58,528.0,520.906
3,59,528.0,520.942
3,60,529.0,521.04
3,61,528.0,521.082
3,62,529.0,521.272
3,63,528.0,521.23
3,64,529.0,521.638
3,65,529.0,521.498
3,66,529.0,521.86
3,67,529.0,522.078
3,68,528.0,522.294
3,69,529.0,522.416
3,70,529.0,522.628
3,71,529.0,522.752
3,72,529.0,522.73
3,73,529.0,522.79
3,74,529.0,522.882
3,75,529.0,523.12
3,76,529.0,523.31
3,77,529.0,523.482
3,78,529.0,523.358
3,79,530.0,523.372
3,80,530.0,523.244
3,81,530.0,523.472
3,82,530.0,523.67
3,83,530.0,523.576
3,84,530.0,523.534
3,85,530.0,523.48
3,86,530.0,523.36
3,87,530.0,523.386
3,88,529.0,523.39
3,89,530.0,523.468
3,90,530.0,523.694
3,91,530.0,523.89
3,92,531.0,523.868
3,93,531.0,523.834
3,94,531.0,523.826
3,95,530.0,523.774
3,96,530.0,523.97
3,97,530.0,524.004
3,98,530.0,523.894
3,99,531.0,523.712
3,100,530.0,523.798
3,101,530.0,523.658
3,102,531.0,523.796
3,103,530.0,523.97
3,104,529.0,523.844
3,105,530.0,523.768
3,106,530.0,523.938
3,107,530.0,524.116
3,108,531.0,524.178
3,109,531.0,524.546
3,110,531.0,524.424
3,111,530.0,524.612
3,112,531.0,524.772
3,113,530.0,524.52
3,114,531.0,524.51
3,115,530.0,524.714
3,116,531.0,524.62
3,117,531.0,524.634
3,118,531.0,524.57
3,119,531.0,524.444
3,120,531.0,524.616
3,121,531.0,524.538
3,122,531.0,524.418
3,123,530.0,524.282
3,124,531.0,524.26
3,125,531.0,524.838
3,126,531.0,524.71
3,127,531.0,524.89
3,128,531.0,525.14
3,129,531.0,525.218
3,130,531.0,525.192
3,131,531.0,525.536
3,132,531.0,525.26
3,133,531.0,525.184
3,134,531.0,525.362
3,135,531.0,525.456
3,136,532.0,525.786
3,137,531.0,525.588
3,138,533.0,525.348
3,139,532.0,525.42
3,140,532.0,525.408
3,141,532.0,525.334
3,142,531.0,525.332
3,143,531.0,525.44
3,144,531.0,525.22
3,145,531.0,525.164
3,146,532.0,525.35
3,147,531.0,525.334
3,148,531.0,525.598
3,149,531.0,525.578
3,150,531.0,525.496
3,151,531.0,525.35
3,152,531.0,525.502
3,153,532.0,525.582
3,154,531.0,525.694
3,155,531.0,525.828
3,156,531.0,525.752
3,157,531.0,525.93
3,158,531.0,525.716
3,159,532.0,525.804
3,160,531.0,525.76
3,161,531.0,525.486
3,162,531.0,525.468
3,163,531.0,525.434
3,164,531.0,525.356
3,165,531.0,525.208
3,166,532.0,525.464
3,167,531.0,525.316
3,168,531.0,525.392
3,169,531.0,525.492
3,170,532.0,525.514
3,171,532.0,525.522
3,172,532.0,525.81
3,173,531.0,525.66
3,174,532.0,525.674
3,175,532.0,525.728
3,176,532.0,525.91
3,177,532.0,525.882
3,178,532.0,525.834
3,179,532.0,526.154
3,180,532.0,525.966
3,181,532.0,525.796
3,182,532.0,525.864
3,183,533.0,525.872
3,184,532.0,526.052
3,185,532.0,525.742
3,186,532.0,525.662
3,187,532.0,525.646
3,188,532.0,525.456
3,189,532.0,525.886
3,190,532.0,526.0
3,191,532.0,526.06
3,192,533.0,525.954
3,193,533.0,526.16
3,194,532.0,526.164
3,195,532.0,526.236
3,196,532.0,526.452
3,197,532.0,526.244
3,198,532.0,526.092
3,199,532.0,526.164
3,200,532.0,526.398
3,201,533.0,526.686
3,202,532.0,526.53
3,203,532.0,526.324
3,204,532.0,526.438
3,205,532.0,526.372
3,206,532.0,526.576
3,207,532.0,526.864
3,208,533.0,526.628
3,209,533.0,526.636
3,210,533.0,526.76
3,211,533.0,526.562
3,212,533.0,526.354
3,213,533.0,526.418
3,214,532.0,526.366
3,215,532.0,526.622
3,216,532.0,526.55
3,217,533.0,526.34
3,218,532.0,526.3
3,219,532.0,526.412
3,220,532.0,526.486
3,221,532.0,526.674
3,222,532.0,526.86
3,223,533.0,526.68
3,224,532.0,526.79
3,225,532.0,526.808
3,226,532.0,527.156
3,227,532.0,527.082
3,228,532.0,526.942
3,229,532.0,526.78
3,230,532.0,526.862
3,231,532.0,526.74
3,232,532.0,526.694
3,233,532.0,526.902
3,234,532.0,526.608
3,235,532.0,526.572
3,236,533.0,526.6
3,237,533.0,526.684
3,238,533.0,526.658
3,239,533.0,526.576
3,240,534.0,526.42
3,241,532.0,526.634
3,242,533.0,526.744
3,243,533.0,526.984
3,244,533.0,526.994
3,245,533.0,526.808
3,246,533.0,526.886
3,247,533.0,526.806
3,248,533.0,526.542
3,249,533.0,526.556
3,250,533.0,526.83
3,251,533.0,527.044
3,252,533.0,526.868
3,253,533.0,526.54
3,254,533.0,526.696
3,255,533.0,526.262
3,256,533.0,526.41
3,257,533.0,526.66
3,258,533.0,527.094
3,259,534.0,526.922
3,260,533.0,526.84
3,261,533.0,526.824
3,262,533.0,526.674
3,263,533.0,526.658
3,264,534.0,526.718
3,265,534.0,526.708
3,266,534.0,527.206
3,267,533.0,527.058
3,268,533.0,527.142
3,269,534.0,527.228
3,270,534.0,526.95
3,271,534.0,527.116
3,272,534.0,527.096
3,273,534.0,527.0
3,274,534.0,527.098
3,275,535.0,527.024
3,276,534.0,527.092
3,277,534.0,527.314
3,278,534.0,527.294
3,279,533.0,527.378
3,280,534.0,527.38
3,281,534.0,527.314
3,282,534.0,527.144
3,283,534.0,527.376
3,284,534.0,527.232
3,285,534.0,527.016
3,286,534.0,526.858
3,287,534.0,526.998
3,288,534.0,527.076
3,289,534.0,527.308
3,290,534.0,527.164
3,291,534.0,527.394
3,292,534.0,527.59
3,293,534.0,527.99
3,294,534.0,527.738
3,295,534.0,527.954
3,296,535.0,527.916
3,297,534.0,527.66
3,298,534.0,527.718
3,299,534.0,527.812
3,300,535.0,527.882
3,301,535.0,528.116
3,302,534.0,528.308
3,303,534.0,528.428
3,304,535.0,528.442
3,305,535.0,528.544
3,306,535.0,528.384
3,307,535.0,528.392
3,308,535.0,528.344
3,309,535.0,528.122
3,310,535.0,527.624
3,311,534.0,527.722
3,312,535.0,527.634
3,313,534.0,528.052
3,314,535.0,527.866
3,315,535.0,527.914
3,316,535.0,527.754
3,317,535.0,527.554
3,318,535.0,527.542
3,319,535.0,527.834
3,320,535.0,527.852
3,321,534.0,528.224
3,322,534.0,528.444
3,323,535.0,528.542
3,324,535.0,528.788
3,325,535.0,528.63
3,326,535.0,528.606
3,327,535.0,528.802
3,328,535.0,528.972
3,329,535.0,528.996
3,330,535.0,529.048
3,331,535.0,528.968
3,332,535.0,528.952
3,333,535.0,529.196
3,334,535.0,529.074
3,335,535.0,528.978
3,336,535.0,528.912
3,337,535.0,528.898
3,338,535.0,529.066
3,339,535.0,528.864
3,340,535.0,528.776
3,341,535.0,529.064
3,342,535.0,528.656
3,343,535.0,528.86
3,344,535.0,528.772
3,345,535.0,528.792
3,346,535.0,528.856
3,347,535.0,528.64
3,348,535.0,528.776
3,349,535.0,528.77
3,350,535.0,528.782
3,351,535.0,529.07
3,352,535.0,529.008
3,353,535.0,529.212
3,354,535.0,529.17
3,355,535.0,529.228
3,356,535.0,529.532
3,357,535.0,529.44
3,358,535.0,529.308
3,359,535.0,529.442
3,360,535.0,529.458
3,361,535.0,529.506
3,362,535.0,529.478
3,363,535.0,529.216
3,364,535.0,528.896
3,365,535.0,528.794
3,366,535.0,529.004
3,367,535.0,528.96
3,368,535.0,529.224
3,369,535.0,529.318
3,370,535.0,529.64
3,371,535.0,529.834
3,372,535.0,529.698
3,373,535.0,529.826
3,374,535.0,529.75
3,375,535.0,529.558
3,376,535.0,529.434
3,377,535.0,529.538
3,378,535.0,529.376
3,379,535.0,529.586
3,380,535.0,529.706
3,381,535.0,529.52
3,382,535.0,529.436
3,383,535.0,529.346
3,384,535.0,529.44
3,385,535.0,529.358
3,386,535.0,529.27
3,387,535.0,528.982
3,388,535.0,529.154
3,389,535.0,529.232
3,390,535.0,529.358
3,391,535.0,529.098
3,392,535.0,529.144
3,393,535.0,529.062
3,394,535.0,529.072
3,395,535.0,528.848
3,396,535.0,528.9
3,397,535.0,528.762
3,398,535.0,528.728
3,399,535.0,528.876
3,400,535.0,528.902
3,401,535.0,529.048
3,402,535.0,529.056
3,403,535.0,529.198
3,404,535.0,528.904
3,405,535.0,528.938
3,406,535.0,529.018
3,407,535.0,529.038
3,408,535.0,528.998
3,409,535.0,528.912
3,410,535.0,529.002
3,411,535.0,528.918
3,412,535.0,528.974
3,413,535.0,529.094
3,414,535.0,529.062
3,415,535.0,528.984
3,416,535.0,528.992
3,417,535.0,529.138
3,418,535.0,528.842
3,419,535.0,528.872
3,420,535.0,529.11
3,421,535.0,529.086
3,422,535.0,528.798
3,423,535.0,528.886
3,424,535.0,528.912
3,425,535.0,528.92
3,426,535.0,529.08
3,427,535.0,528.974
3,428,535.0,528.998
3,429,535.0,528.966
3,430,535.0,529.274
3,431,535.0,528.936
3,432,535.0,529.128
3,433,535.0,529.224
3,434,535.0,528.946
3,435,535.0,529.148
3,436,535.0,529.01
3,437,535.0,529.104
3,438,535.0,528.91
3,439,535.0,529.422
3,440,535.0,529.506
3,441,535.0,529.326
3,442,535.0,529.218
3,443,535.0,529.318
3,444,535.0,529.02
3,445,535.0,528.928
3,446,535.0,529.088
3,447,535.0,529.05
3,448,535.0,529.22
3,449,535.0,528.956
3,450,535.0,528.694
3,451,535.0,528.588
3,452,535.0,528.604
3,453,535.0,528.476
3,454,535.0,528.532
3,455,535.0,528.836
3,456,535.0,529.008
3,457,535.0,529.106
3,458,535.0,528.718
3,459,535.0,528.918
3,460,535.0,528.812
3,461,535.0,528.994
3,462,535.0,529.034
3,463,535.0,529.046
3,464,535.0,528.832
3,465,535.0,528.88
3,466,535.0,529.004
3,467,535.0,528.918
3,468,535.0,528.964
3,469,535.0,528.846
3,470,535.0,529.0
3,471,535.0,529.076
3,472,535.0,529.162
3,473,535.0,529.098
3,474,535.0,529.064
3,475,535.0,529.314
3,476,535.0,529.184
3,477,535.0,529.156
3,478,535.0,528.982
3,479,535.0,528.95
3,480,535.0,529.056
3,481,535.0,529.08
3,482,535.0,529.068
3,483,535.0,529.264
3,484,535.0,529.058
3,485,535.0,529.144
3,486,535.0,529.16
3,487,535.0,529.182
3,488,535.0,529.066
3,489,535.0,529.218
3,490,535.0,529.278
3,491,535.0,529.162
3,492,535.0,529.128
3,493,535.0,528.914
3,494,535.0,528.956
3,495,535.0,528.842
3,496,535.0,528.932
3,497,535.0,528.886
3,498,535.0,529.208
3,499,535.0,529.0
4,0,499.0,470.388
4,1,501.0,473.992
4,2,503.0,476.894
4,3,503.0,479.38
4,4,502.0,481.252
4,5,502.0,482.754
4,6,505.0,484.97
4,7,503.0,485.938
4,8,505.0,487.798
4,9,509.0,489.24
4,10,510.0,490.876
4,11,506.0,492.11
4,12,510.0,493.666
4,13,509.0,494.272
4,14,512.0,495.55
4,15,513.0,496.344
4,16,511.0,497.132
4,17,512.0,498.29
4,18,514.0,499.5
4,19,521.0,500.394
4,20,514.0,501.364
4,21,516.0,501.924
4,22,517.0,502.642
4,23,515.0,503.38
4,24,518.0,504.106
4,25,521.0,505.04
4,26,520.0,505.986
4,27,519.0,506.642
4,28,520.0,507.032
4,29,521.0,507.858
4,30,520.0,508.6
4,31,521.0,509.362
4,32,524.0,509.982
4,33,522.0,510.804
4,34,524.0,511.298
4,35,522.0,511.73
4,36,523.0,512.458
4,37,524.0,512.872
4,38,524.0,513.312
4,39,524.0,514.13
4,40,526.0,514.646
4,41,525.0,515.112
4,42,525.0,515.86
4,43,526.0,516.498
4,44,528.0,516.798
4,45,527.0,517.268
4,46,527.0,518.068
4,47,527.0,518.554
4,48,527.0,518.69
4,49,529.0,519.032
4,50,529.0,519.496
4,51,531.0,519.92
4,52,531.0,520.87
4,53,529.0,521.122
4,54,529.0,521.388
4,55,529.0,521.804
4,56,530.0,522.2
4,57,530.0,522.308
4,58,530.0,522.508
4,59,531.0,522.91
4,60,530.0,522.926
4,61,531.0,522.994
4,62,530.0,523.478
4,63,531.0,523.582
4,64,531.0,523.71
4,65,531.0,524.042
4,66,532.0,524.326
4,67,531.0,524.486
4,68,532.0,524.34
4,69,533.0,524.576
4,70,531.0,524.77
4,71,532.0,524.68
4,72,532.0,524.852
4,73,532.0,525.0
4,74,532.0,525.09
4,75,534.0,525.056
4,76,532.0,525.15
4,77,532.0,525.418
4,78,532.0,525.544
4,79,532.0,525.614
4,80,532.0,525.516
4,81,533.0,525.348
4,82,532.0,525.588
4,83,533.0,525.8
4,84,533.0,525.972
4,85,533.0,525.974
4,86,533.0,526.06
4,87,534.0,526.276
4,88,533.0,526.626
4,89,533.0,526.584
4,90,534.0,526.806
4,91,533.0,526.67
4,92,533.0,526.706
4,93,533.0,526.89
4,94,533.0,526.77
4,95,533.0,526.658
4,96,534.0,527.11
4,97,533.0,527.086
4,98,534.0,527.458
4,99,534.0,527.42
4,100,533.0,527.706
4,101,534.0,527.458
4,102,534.0,527.462
4,103,533.0,527.336
4,104,535.0,527.336
4,105,534.0,527.19
4,106,534.0,527.13
4,107,533.0,527.228
4,108,534.0,527.324
4,109,534.0,527.19
4,110,535.0,527.238
4,111,535.0,527.396
4,112,534.0,527.414
4,113,534.0,527.558
4,114,535.0,527.768
4,115,535.0,527.84
4,116,534.0,527.72
4,117,535.0,527.736
4,118,535.0,527.916
4,119,534.0,527.93
4,120,535.0,527.786
4,121,535.0,527.786
4,122,534.0,527.822
4,123,534.0,527.892
4,124,535.0,528.022
4,125,534.0,528.33
4,126,534.0,528.142
4,127,535.0,528.096
4,128,535.0,528.26
4,129,534.0,528.074
4,130,535.0,528.052
4,131,535.0,528.438
4,132,535.0,528.628
4,133,535.0,528.912
4,134,535.0,528.97
4,135,535.0,529.164
4,136,535.0,529.046
4,137,535.0,528.962
4,138,535.0,529.022
4,139,535.0,529.256
4,140,535.0,529.348
4,141,535.0,529.188
4,142,535.0,529.238
4,143,535.0,529.628
4,144,535.0,529.396
4,145,535.0,529.346
4,146,535.0,529.28
4,147,535.0,529.414
4,148,535.0,529.394
4,149,535.0,529.416
4,150,535.0,529.458
4,151,535.0,529.518
4,152,535.0,529.58
4,153,535.0,529.296
4,154,535.0,529.226
4,155,535.0,529.42
4,156,535.0,529.27
4,157,535.0,529.374
4,158,535.0,529.43
4,159,535.0,529.174
4,160,535.0,529.268
4,161,535.0,529.288
4,162,535.0,529.212
4,163,536.0,529.414
4,164,535.0,529.162
4,165,535.0,529.304
4,166,535.0,529.46
4,167,535.0,529.35
4,168,535.0,529.396
4,169,535.0,529.438
4,170,535.0,529.178
4,171,535.0,529.238
4,172,535.0,529.134
4,173,535.0,529.008
4,174,535.0,529.0
4,175,535.0,529.448
4,176,535.0,529.636
4,177,535.0,529.726
4,178,535.0,529.544
4,179,535.0,529.212
4,180,535.0,529.358
4,181,535.0,529.222
4,182,535.0,529.432
4,183,535.0,529.254
4,184,535.0,528.85
4,185,535.0,529.018
4,186,535.0,529.06
4,187,535.0,529.042
4,188,535.0,528.982
4,189,535.0,528.812
4,190,535.0,528.932
4,191,535.0,528.958
4,192,535.0,528.858
4,193,535.0,528.714
4,194,535.0,528.818
4,195,535.0,528.772
4,196,535.0,529.064
4,197,535.0,529.194
4,198,535.0,528.998
4,199,535.0,528.848
4,200,535.0,528.866
4,201,535.0,529.058
4,202,535.0,528.93
4,203,535.0,528.974
4,204,535.0,529.07
4,205,535.0,529.018
4,206,535.0,529.038
4,207,535.0,529.262
4,208,535.0,529.234
4,209,535.0,529.404
4,210,535.0,529.088
4,211,535.0,529.11
4,212,535.0,529.156
4,213,535.0,529.086
4,214,535.0,529.15
4,215,535.0,529.158
4,216,535.0,529.186
4,217,535.0,529.12
4,218,535.0,528.94
4,219,535.0,529.024
4,220,535.0,528.956
4,221,535.0,529.13
4,222,535.0,529.216
4,223,535.0,529.034
4,224,535.0,529.14
4,225,535.0,529.162
4,226,535.0,529.162
4,227,535.0,529.26
4,228,535.0,529.106
4,229,535.0,529.104
4,230,535.0,529.022
4,231,535.0,529.078
4,232,535.0,529.142
4,233,535.0,528.964
4,234,535.0,528.99
4,235,535.0,528.862
4,236,535.0,528.916
4,237,535.0,528.906
4,238,535.0,528.744
4,239,535.0,529.04
4,240,535.0,528.798
4,241,535.0,528.728
4,242,535.0,528.756
4,243,535.0,528.834
4,244,535.0,529.104
4,245,535.0,529.196
4,246,536.0,529.068
4,247,535.0,529.146
4,248,535.0,529.3
4,249,535.0,529.184
4,250,535.0,529.276
4,251,535.0,529.166
4,252,536.0,529.44
4,253,536.0,529.368
4,254,536.0,529.398
4,255,535.0,529.334
4,256,535.0,529.486
4,257,535.0,529.11
4,258,535.0,529.06
4,259,535.0,528.86
4,260,535.0,529.112
4,261,535.0,529.12
4,262,535.0,529.052
4,263,536.0,528.972
4,264,535.0,529.128
4,265,535.0,528.892
4,266,535.0,528.884
4,267,536.0,528.978
4,268,535.0,529.118
4,269,535.0,528.942
4,270,535.0,528.822
4,271,535.0,528.662
4,272,535.0,528.66
4,273,535.0,528.714
4,274,535.0,528.782
4,275,535.0,528.914
4,276,535.0,528.502
4,277,535.0,528.86
4,278,535.0,528.964
4,279,536.0,529.054
4,280,535.0,528.976
4,281,535.0,528.954
4,282,535.0,528.938
4,283,535.0,529.008
4,284,535.0,528.662
4,285,535.0,528.978
4,286,535.0,529.024
4,287,535.0,529.154
4,288,535.0,529.214
4,289,535.0,528.908
4,290,535.0,528.76
4,291,535.0,528.864
4,292,535.0,528.98
4,293,535.0,528.94
4,294,535.0,529.104
4,295,535.0,529.096
4,296,535.0,529.318
4,297,535.0,529.268
4,298,535.0,529.452
4,299,535.0,529.244
4,300,535.0,529.218
4,301,535.0,529.004
4,302,535.0,529.112
4,303,535.0,529.286
4,304,535.0,529.306
4,305,535.0,529.212
4,306,535.0,529.09
4,307,535.0,529.23
4,308,536.0,529.35
4,309,535.0,529.136
4,310,536.0,529.088
4,311,536.0,529.16
4,312,536.0,528.87
4,313,536.0,529.23
4,314,536.0,529.2
4,315,536.0,529.162
4,316,535.0,529.176
4,317,536.0,528.986
4,318,535.0,529.242
4,319,536.0,529.404
4,320,536.0,529.706
4,321,536.0,529.74
4,322,536.0,529.61
4,323,536.0,529.688
4,324,536.0,529.592
4,325,536.0,529.668
4,326,536.0,529.608
4,327,536.0,529.664
4,328,536.0,529.574
4,329,536.0,529.668
4,330,536.0,529.986
4,331,536.0,530.032
4,332,536.0,529.914
4,333,536.0,529.744
4,334,536.0,529.626
4,335,536.0,529.39
4,336,536.0,529.65
4,337,536.0,529.626
4,338,536.0,529.672
4,339,536.0,529.448
4,340,536.0,529.594
4,341,536.0,529.772
4,342,536.0,529.67
4,343,536.0,530.104
4,344,536.0,530.154
4,345,536.0,530.164
4,346,536.0,530.528
4,347,536.0,530.304
4,348,536.0,530.61
4,349,536.0,530.626
4,350,536.0,530.456
4,351,536.0,530.322
4,352,536.0,530.566
4,353,536.0,530.506
4,354,536.0,530.436
4,355,536.0,530.47
4,356,536.0,530.306
4,357,536.0,530.34
4,358,536.0,530.382
4,359,536.0,530.582
4,360,536.0,530.336
4,361,536.0,530.45
4,362,536.0,530.398
4,363,536.0,530.25
4,364,536.0,530.178
4,365,536.0,530.126
4,366,536.0,530.02
4,367,536.0,530.06
4,368,536.0,529.812
4,369,536.0,530.03
4,370,536.0,529.818
4,371,536.0,529.896
4,372,536.0,529.926
4,373,536.0,530.048
4,374,536.0,530.082
4,375,536.0,529.992
4,376,536.0,530.05
4,377,536.0,530.098
4,378,536.0,530.024
4,379,536.0,530.128
4,380,536.0,530.024
4,381,536.0,530.234
4,382,536.0,530.13
4,383,536.0,529.808
4,384,536.0,530.098
4,385,536.0,530.258
4,386,536.0,530.122
4,387,536.0,530.282
4,388,536.0,530.054
4,389,536.0,530.212
4,390,536.0,530.054
4,391,536.0,530.12
4,392,536.0,529.802
4,393,536.0,529.748
4,394,536.0,529.826
4,395,536.0,529.884
4,396,536.0,529.786
4,397,536.0,529.872
4,398,536.0,529.978
4,399,536.0,530.01
4,400,536.0,529.66
4,401,536.0,529.686
4,402,536.0,529.974
4,403,536.0,529.842
4,404,536.0,529.942
4,405,536.0,530.046
4,406,536.0,530.134
4,407,536.0,529.948
4,408,536.0,529.96
4,409,536.0,530.048
4,410,536.0,530.038
4,411,536.0,530.036
4,412,536.0,530.006
4,413,536.0,530.342
4,414,536.0,530.496
4,415,536.0,530.53
4,416,536.0,530.284
4,417,536.0,530.294
4,418,536.0,530.384
4,419,536.0,530.55
4,420,536.0,530.628
4,421,536.0,530.43
4,422,536.0,530.472
4,423,536.0,530.472
4,424,536.0,530.632
4,425,536.0,530.796
4,426,536.0,530.536
4,427,536.0,530.558
4,428,536.0,530.846
4,429,536.0,530.794
4,430,536.0,530.614
4,431,536.0,530.62
4,432,536.0,530.534
4,433,536.0,530.404
4,434,536.0,530.4
4,435,536.0,530.214
4,436,536.0,530.398
4,437,536.0,530.276
4,438,536.0,530.244
4,439,536.0,530.158
4,440,536.0,530.116
4,441,536.0,530.35
4,442,536.0,530.354
4,443,536.0,530.41
4,444,536.0,530.336
4,445,536.0,529.972
4,446,536.0,530.072
4,447,536.0,530.386
4,448,536.0,530.244
4,449,536.0,530.33
4,450,536.0,530.164
4,451,536.0,529.918
4,452,536.0,529.836
4,453,536.0,530.168
4,454,536.0,529.88
4,455,536.0,530.002
4,456,536.0,529.932
4,457,536.0,529.896
4,458,536.0,529.936
4,459,536.0,530.016
4,460,536.0,530.006
4,461,536.0,530.172
4,462,536.0,530.144
4,463,536.0,530.144
4,464,536.0,529.984
4,465,536.0,529.954
4,466,536.0,529.788
4,467,536.0,529.592
4,468,536.0,529.646
4,469,536.0,529.958
4,470,536.0,529.922
4,471,536.0,529.882
4,472,536.0,529.906
4,473,536.0,529.964
4,474,536.0,529.772
4,475,536.0,529.76
4,476,536.0,530.122
4,477,536.0,530.146
4,478,536.0,530.084
4,479,536.0,530.07
4,480,536.0,529.96
4,481,536.0,530.27
4,482,536.0,530.2
4,483,536.0,530.266
4,484,536.0,530.258
4,485,536.0,530.372
4,486,536.0,530.346
4,487,536.0,530.38
4,488,536.0,530.352
4,489,536.0,530.612
4,490,536.0,530.572
4,491,536.0,530.206
4,492,536.0,530.21
4,493,536.0,530.294
4,494,536.0,530.258
4,495,536.0,530.28
4,496,536.0,530.07
4,497,536.0,529.914
4,498,536.0,529.864
4,499,536.0,529.982
5,0,492.0,470.56
5,1,494.0,473.382
5,2,494.0,476.586
5,3,495.0,479.334
5,4,500.0,480.544
5,5,504.0,482.122
5,6,505.0,483.654
5,7,504.0,485.352
5,8,501.0,487.262
5,9,508.0,488.408
5,10,506.0,489.134
5,11,508.0,490.444
5,12,506.0,492.054
5,13,509.0,493.412
5,14,510.0,494.352
5,15,511.0,495.246
5,16,509.0,495.974
5,17,512.0,497.152
5,18,513.0,498.388
5,19,519.0,499.094
5,20,513.0,500.49
5,21,515.0,501.494
5,22,514.0,502.434
5,23,516.0,503.442
5,24,517.0,503.912
5,25,518.0,505.034
5,26,520.0,505.88
5,27,519.0,506.328
5,28,519.0,507.336
5,29,521.0,508.158
5,30,520.0,508.7
5,31,522.0,509.482
5,32,520.0,510.106
5,33,524.0,510.786
5,34,525.0,511.732
5,35,523.0,512.25
5,36,524.0,512.966
5,37,524.0,513.866
5,38,524.0,514.454
5,39,525.0,514.752
5,40,525.0,515.344
5,41,526.0,515.78
5,42,526.0,516.52
5,43,527.0,517.534
5,44,527.0,517.936
5,45,528.0,517.792
5,46,528.0,518.004
5,47,529.0,518.438
5,48,528.0,519.402
5,49,528.0,519.64
5,50,529.0,519.952
5,51,528.0,520.002
5,52,529.0,520.422
5,53,532.0,520.944
5,54,529.0,521.176
5,55,529.0,521.55
5,56,530.0,521.746
5,57,531.0,521.936
5,58,530.0,522.228
5,59,530.0,522.428
5,60,530.0,522.792
5,61,530.0,522.832
5,62,531.0,523.27
5,63,530.0,523.538
5,64,531.0,523.31
5,65,531.0,523.578
5,66,531.0,523.764
5,67,531.0,524.1
5,68,531.0,524.196
5,69,531.0,524.57
5,70,531.0,524.676
5,71,532.0,524.666
5,72,531.0,524.726
5,73,532.0,524.9
5,74,532.0,524.856
5,75,532.0,524.722
5,76,532.0,524.878
5,77,532.0,524.816
5,78,532.0,524.71
5,79,532.0,524.704
5,80,533.0,524.85
5,81,532.0,524.83
5,82,532.0,524.856
5,83,532.0,525.154
5,84,533.0,524.97
5,85,533.0,525.16
5,86,532.0,525.282
5,87,532.0,525.336
5,88,533.0,525.462
5,89,533.0,525.646
5,90,532.0,525.784
5,91,532.0,525.924
5,92,533.0,525.782
5,93,532.0,525.982
5,94,533.0,525.804
5,95,533.0,525.768
5,96,533.0,525.56
5,97,533.0,525.792
5,98,533.0,525.628
5,99,533.0,526.008
5,100,533.0,526.376
5,101,533.0,526.492
5,102,533.0,526.682
5,103,533.0,526.664
5,104,533.0,526.55
5,105,533.0,526.632
5,106,534.0,526.702
5,107,534.0,526.84
5,108,534.0,526.786
5,109,534.0,526.832
5,110,533.0,526.784
5,111,534.0,526.84
5,112,534.0,526.958
5,113,533.0,526.856
5,114,534.0,526.938
5,115,533.0,526.82
5,116,533.0,526.694
5,117,533.0,526.896
5,118,534.0,526.78
5,119,534.0,526.984
5,120,534.0,527.148
5,121,533.0,527.03
5,122,534.0,527.168
5,123,533.0,526.834
5,124,533.0,526.966
5,125,533.0,527.186
5,126,534.0,527.486
5,127,534.0,527.418
5,128,534.0,527.41
5,129,534.0,527.54
5,130,535.0,527.758
5,131,533.0,527.592
5,132,534.0,527.6
5,133,534.0,527.294
5,134,534.0,527.456
5,135,534.0,527.372
5,136,534.0,527.616
5,137,534.0,527.75
5,138,534.0,527.836
5,139,535.0,527.896
5,140,534.0,527.786
5,141,534.0,527.902
5,142,535.0,527.772
5,143,534.0,527.758
5,144,534.0,527.806
5,145,535.0,527.93
5,146,534.0,527.792
5,147,534.0,528.062
5,148,534.0,528.054
5,149,535.0,527.988
5,150,535.0,528.066
5,151,534.0,528.238
5,152,534.0,528.024
5,153,535.0,528.056
5,154,535.0,527.97
5,155,535.0,528.306
5,156,535.0,528.104
5,157,535.0,528.178
5,158,535.0,528.204
5,159,534.0,528.198
5,160,534.0,528.312
5,161,534.0,528.468
5,162,534.0,528.562
5,163,535.0,528.444
5,164,534.0,528.044
5,165,535.0,527.956
5,166,535.0,528.3
5,167,535.0,528.642
5,168,535.0,528.248
5,169,535.0,528.484
5,170,535.0,528.346
5,171,535.0,528.502
5,172,535.0,528.746
5,173,535.0,528.76
5,174,535.0,529.14
5,175,535.0,529.274
5,176,535.0,529.248
5,177,535.0,529.438
5,178,535.0,529.198
5,179,535.0,528.946
5,180,535.0,529.19
5,181,535.0,529.364
5,182,535.0,529.316
5,183,535.0,529.394
5,184,535.0,529.444
5,185,535.0,529.672
5,186,535.0,529.734
5,187,535.0,529.618
5,188,535.0,529.45
5,189,535.0,529.536
5,190,535.0,529.428
5,191,535.0,529.544
5,192,535.0,529.352
5,193,535.0,529.39
5,194,535.0,529.364
5,195,535.0,529.068
5,196,535.0,529.028
5,197,535.0,528.882
5,198,535.0,528.778
5,199,535.0,529.118
5,200,535.0,529.13
5,201,535.0,529.164
5,202,535.0,528.976
5,203,535.0,529.038
5,204,535.0,528.722
5,205,535.0,528.906
5,206,535.0,528.588
5,207,535.0,528.75
5,208,535.0,528.746
5,209,535.0,528.918
5,210,535.0,529.006
5,211,535.0,528.906
5,212,535.0,528.832
5,213,535.0,528.946
5,214,535.0,529.006
5,215,535.0,529.232
5,216,535.0,529.212
5,217,535.0,528.788
5,218,535.0,528.508
5,219,535.0,528.666
5,220,535.0,528.724
5,221,535.0,528.754
5,222,535.0,528.696
5,223,535.0,528.702
5,224,535.0,528.744
5,225,535.0,528.676
5,226,535.0,528.862
5,227,535.0,529.068
5,228,535.0,528.898
5,229,535.0,528.866
5,230,535.0,529.092
5,231,535.0,528.782
5,232,535.0,529.034
5,233,535.0,529.066
5,234,535.0,528.992
5,235,535.0,528.822
5,236,535.0,528.698
5,237,535.0,528.648
5,238,535.0,528.884
5,239,535.0,529.2
5,240,535.0,529.38
5,241,535.0,529.4
5,242,535.0,529.326
5,243,535.0,529.124
5,244,535.0,529.11
5,245,535.0,528.952
5,246,535.0,528.952
5,247,535.0,529.198
5,248,535.0,529.226
5,249,535.0,529.278
5,250,535.0,529.21
5,251,535.0,529.23
5,252,535.0,528.764
5,253,535.0,528.666
5,254,535.0,528.55
5,255,535.0,528.348
5,256,535.0,528.142
5,257,535.0,527.984
5,258,535.0,528.084
5,259,535.0,528.198
5,260,535.0,528.244
5,261,535.0,528.098
5,262,535.0,528.41
5,263,535.0,528.624
5,264,535.0,529.04
5,265,535.0,528.758
5,266,535.0,528.87
5,267,535.0,529.27
5,268,535.0,529.312
5,269,535.0,529.35
5,270,535.0,529.352
5,271,535.0,529.568
5,272,535.0,529.404
5,273,535.0,529.392
5,274,535.0,529.514
5,275,535.0,529.328
5,276,535.0,529.448
5,277,535.0,529.166
5,278,535.0,529.172
5,279,535.0,529.102
5,280,535.0,529.194
5,281,535.0,529.244
5,282,535.0,529.054
5,283,535.0,529.024
5,284,535.0,529.13
5,285,535.0,529.056
5,286,535.0,529.134
5,287,535.0,529.018
5,288,535.0,529.19
5,289,535.0,529.046
5,290,535.0,529.194
5,291,535.0,529.302
5,292,535.0,529.216
5,293,535.0,528.84
5,294,535.0,528.79
5,295,535.0,529.162
5,296,535.0,529.362
5,297,535.0,529.2
5,298,535.0,529.57
5,299,535.0,529.616
5,300,535.0,529.838
5,301,535.0,529.566
5,302,535.0,529.584
5,303,535.0,529.514
5,304,535.0,529.676
5,305,535.0,529.338
5,306,535.0,529.368
5,307,535.0,529.336
5,308,535.0,529.118
5,309,535.0,529.136
5,310,535.0,529.252
5,311,535.0,529.088
5,312,535.0,528.736
5,313,535.0,528.59
5,314,535.0,528.692
5,315,535.0,528.668
5,316,535.0,529.062
5,317,535.0,528.928
5,318,535.0,528.67
5,319,535.0,528.78
5,320,535.0,528.872
5,321,535.0,529.134
5,322,535.0,529.056
5,323,535.0,528.766
5,324,535.0,528.874
5,325,535.0,528.962
5,326,535.0,528.952
5,327,535.0,528.746
5,328,535.0,528.816
5,329,535.0,529.056
5,330,535.0,529.038
5,331,535.0,528.996
5,332,535.0,529.044
5,333,535.0,529.06
5,334,535.0,529.218
5,335,535.0,529.252
5,336,535.0,529.16
5,337,535.0,528.952
5,338,535.0,528.888
5,339,535.0,528.856
5,340,535.0,528.994
5,341,535.0,529.058
5,342,535.0,528.97
5,343,535.0,528.968
5,344,535.0,528.856
5,345,535.0,528.816
5,346,535.0,528.83
5,347,535.0,528.626
5,348,535.0,528.81
5,349,535.0,528.678
5,350,535.0,528.674
5,351,535.0,528.622
5,352,535.0,528.716
5,353,535.0,529.086
5,354,535.0,528.864
5,355,535.0,528.802
5,356,535.0,528.684
5,357,535.0,528.73
5,358,535.0,528.896
5,359,535.0,528.524
5,360,535.0,528.79
5,361,535.0,528.906
5,362,535.0,529.264
5,363,535.0,529.382
5,364,535.0,529.54
5,365,535.0,529.45
5,366,535.0,529.084
5,367,535.0,529.124
5,368,535.0,529.066
5,369,535.0,529.106
5,370,535.0,529.144
5,371,535.0,529.158
5,372,535.0,529.136
5,373,535.0,529.372
5,374,535.0,529.126
5,375,535.0,529.234
5,376,535.0,529.506
5,377,535.0,529.866
5,378,535.0,529.744
5,379,535.0,529.568
5,380,535.0,529.434
5,381,535.0,529.488
5,382,535.0,529.528
5,383,535.0,529.556
5,384,535.0,529.624
5,385,535.0,529.478
5,386,535.0,529.594
5,387,535.0,529.582
5,388,535.0,529.684
5,389,535.0,529.684
5,390,535.0,529.656
5,391,535.0,529.574
5,392,535.0,529.39
5,393,535.0,529.49
5,394,535.0,529.156
5,395,535.0,529.096
5,396,535.0,528.854
5,397,535.0,528.808
5,398,535.0,528.962
5,399,535.0,528.768
5,400,535.0,529.07
5,401,535.0,528.858
5,402,535.0,528.61
5,403,535.0,528.71
5,404,535.0,528.716
5,405,535.0,528.68
5,406,535.0,528.792
5,407,535.0,528.896
5,408,535.0,528.622
5,409,535.0,528.654
5,410,535.0,528.828
5,411,535.0,528.806
5,412,535.0,528.628
5,413,535.0,528.764
5,414,535.0,528.408
5,415,535.0,528.596
5,416,535.0,528.364
5,417,535.0,528.536
5,418,535.0,528.66
5,419,535.0,528.556
5,420,535.0,528.528
5,421,535.0,529.082
5,422,535.0,528.974
5,423,535.0,529.05
5,424,535.0,528.926
5,425,535.0,528.916
5,426,535.0,529.056
5,427,535.0,528.644
5,428,535.0,528.626
5,429,535.0,528.936
5,430,535.0,529.102
5,431,535.0,529.074
5,432,535.0,528.788
5,433,535.0,528.778
5,434,535.0,528.712
5,435,535.0,528.754
5,436,535.0,528.688
5,437,535.0,528.842
5,438,535.0,528.95
5,439,535.0,528.958
5,440,535.0,529.184
5,441,535.0,529.054
5,442,535.0,529.056
5,443,535.0,529.12
5,444,535.0,529.304
5,445,535.0,529.48
5,446,535.0,529.56
5,447,535.0,529.364
5,448,535.0,529.494
5,449,535.0,529.442
5,450,535.0,529.636
5,451,535.0,529.556
5,452,535.0,529.536
5,453,535.0,529.352
5,454,535.0,529.432
5,455,535.0,529.518
5,456,535.0,529.51
5,457,535.0,529.846
5,458,535.0,529.428
5,459,535.0,529.438
5,460,535.0,529.252
5,461,535.0,529.312
5,462,535.0,529.366
5,463,535.0,529.446
5,464,535.0,529.308
5,465,535.0,529.19
5,466,535.0,529.06
5,467,535.0,529.088
5,468,535.0,528.776
5,469,535.0,528.63
5,470,535.0,528.532
5,471,535.0,528.71
5,472,535.0,529.03
5,473,535.0,529.216
5,474,535.0,529.062
5,475,535.0,528.918
5,476,535.0,528.656
5,477,535.0,528.768
5,478,535.0,528.65
5,479,535.0,528.742
5,480,535.0,528.938
5,481,535.0,528.976
5,482,535.0,529.128
5,483,535.0,529.256
5,484,535.0,529.186
5,485,535.0,529.082
5,486,535.0,529.488
5,487,535.0,529.396
5,488,535.0,529.534
5,489,535.0,529.474
5,490,535.0,529.074
5,491,535.0,529.184
5,492,535.0,529.284
5,493,535.0,529.304
5,494,535.0,529.404
5,495,535.0,529.304
5,496,535.0,529.19
5,497,535.0,528.964
5,498,535.0,528.96
5,499,535.0,528.898
6,0,495.0,470.926
6,1,495.0,474.592
6,2,494.0,476.378
6,3,504.0,478.54
6,4,497.0,479.99
6,5,503.0,482.358
6,6,498.0,483.456
6,7,505.0,484.864
6,8,503.0,486.368
6,9,512.0,487.392
6,10,504.0,489.076
6,11,505.0,490.174
6,12,504.0,490.812
6,13,514.0,492.414
6,14,508.0,493.562
6,15,512.0,495.044
6,16,511.0,496.638
6,17,514.0,497.696
6,18,514.0,499.4
6,19,519.0,500.432
6,20,515.0,502.044
6,21,518.0,503.514
6,22,518.0,504.758
6,23,518.0,505.662
6,24,520.0,506.992
6,25,520.0,507.91
6,26,524.0,508.804
6,27,522.0,509.91
6,28,525.0,511.246
6,29,524.0,512.078
6,30,525.0,513.046
6,31,525.0,513.92
6,32,525.0,514.228
6,33,525.0,514.56
6,34,527.0,515.404
6,35,524.0,515.656
6,36,525.0,516.27
6,37,525.0,516.528
6,38,527.0,517.182
6,39,528.0,517.86
6,40,528.0,518.412
6,41,528.0,519.096
6,42,528.0,519.586
6,43,529.0,519.888
6,44,529.0,520.214
6,45,527.0,520.42
6,46,528.0,520.822
6,47,528.0,521.07
6,48,530.0,521.266
6,49,530.0,521.46
6,50,529.0,521.744
6,51,529.0,521.736
6,52,529.0,522.09
6,53,529.0,522.202
6,54,530.0,522.16
6,55,529.0,522.444
6,56,529.0,522.342
6,57,529.0,522.446
6,58,530.0,522.63
6,59,531.0,522.832
6,60,530.0,523.06
6,61,530.0,523.074
6,62,530.0,523.302
6,63,532.0,523.008
6,64,530.0,523.25
6,65,531.0,523.608
6,66,530.0,523.636
6,67,530.0,523.852
6,68,530.0,523.942
6,69,530.0,523.748
6,70,530.0,523.874
6,71,530.0,524.188
6,72,530.0,524.248
6,73,531.0,524.334
6,74,531.0,524.27
6,75,531.0,524.426
6,76,531.0,524.272
6,77,531.0,524.392
6,78,531.0,524.436
6,79,531.0,524.526
6,80,531.0,524.454
6,81,530.0,524.484
6,82,531.0,524.586
6,83,531.0,524.634
6,84,532.0,524.746
6,85,532.0,524.942
6,86,532.0,524.924
6,87,531.0,525.166
6,88,532.0,525.208
6,89,532.0,525.522
6,90,532.0,525.494
6,91,532.0,525.41
6,92,532.0,525.672
6,93,532.0,525.506
6,94,532.0,525.618
6,95,533.0,525.752
6,96,532.0,525.898
6,97,532.0,525.952
6,98,533.0,526.214
6,99,533.0,526.37
6,100,532.0,526.368
6,101,533.0,526.228
6,102,532.0,526.236
6,103,532.0,526.308
6,104,533.0,526.336
6,105,533.0,526.254
6,106,532.0,526.358
6,107,533.0,526.394
6,108,533.0,526.388
6,109,533.0,526.49
6,110,533.0,526.654
6,111,533.0,526.566
6,112,534.0,526.848
6,113,533.0,526.65
6,114,533.0,526.736
6,115,534.0,526.854
6,116,533.0,526.514
6,117,533.0,526.602
6,118,534.0,526.742
6,119,534.0,526.692
6,120,534.0,527.102
6,121,533.0,527.356
6,122,534.0,527.286
6,123,533.0,527.552
6,124,533.0,527.748
6,125,533.0,527.952
6,126,534.0,527.81
6,127,534.0,527.874
6,128,534.0,527.636
6,129,534.0,527.78
6,130,534.0,527.752
6,131,534.0,527.642
6,132,534.0,527.698
6,133,534.0,527.74
6,134,534.0,528.028
6,135,534.0,528.038
6,136,534.0,527.93
6,137,534.0,527.746
6,138,534.0,527.752
6,139,534.0,528.146
6,140,534.0,528.108
6,141,534.0,528.238
6,142,534.0,528.184
6,143,534.0,528.43
6,144,534.0,528.678
6,145,534.0,528.544
6,146,534.0,528.46
6,147,534.0,528.69
6,148,534.0,528.63
6,149,534.0,528.392
6,150,534.0,528.558
6,151,534.0,528.57
6,152,534.0,528.5
6,153,534.0,528.646
6,154,534.0,528.858
6,155,534.0,528.78
6,156,534.0,528.526
6,157,534.0,528.606
6,158,534.0,528.492
6,159,534.0,528.57
6,160,534.0,528.658
6,161,534.0,528.676
6,162,534.0,528.532
6,163,534.0,528.41
6,164,534.0,528.936
6,165,534.0,528.79
6,166,534.0,528.448
6,167,534.0,528.672
6,168,534.0,528.316
6,169,534.0,528.466
6,170,534.0,528.518
6,171,534.0,528.348
6,172,534.0,528.334
6,173,534.0,528.448
6,174,534.0,528.46
6,175,534.0,528.242
6,176,534.0,528.252
6,177,534.0,528.42
6,178,534.0,528.406
6,179,534.0,528.332
6,180,534.0,528.216
6,181,534.0,528.082
6,182,534.0,527.956
6,183,534.0,528.144
6,184,534.0,528.138
6,185,534.0,528.374
6,186,534.0,528.696
6,187,534.0,528.552
6,188,534.0,528.724
6,189,534.0,528.592
6,190,534.0,528.67
6,191,534.0,528.596
6,192,534.0,528.512
6,193,534.0,528.514
6,194,534.0,528.818
6,195,534.0,528.9
6,196,534.0,528.548
6,197,534.0,528.756
6,198,534.0,528.982
6,199,534.0,528.982
6,200,534.0,528.874
6,201,534.0,528.774
6,202,534.0,528.814
6,203,534.0,528.924
6,204,534.0,529.0
6,205,534.0,528.856
6,206,534.0,528.768
6,207,534.0,528.768
6,208,534.0,528.83
6,209,534.0,528.582
6,210,534.0,528.556
6,211,534.0,528.602
6,212,534.0,528.334
6,213,534.0,528.344
6,214,534.0,528.424
6,215,534.0,528.222
6,216,534.0,528.42
6,217,534.0,528.158
6,218,534.0,528.214
6,219,534.0,528.166
6,220,534.0,527.982
6,221,534.0,528.11
6,222,534.0,528.35
6,223,534.0,528.29
6,224,534.0,528.344
6,225,534.0,528.582
6,226,534.0,528.066
6,227,534.0,528.118
6,228,534.0,527.946
6,229,534.0,528.066
6,230,534.0,528.224
6,231,534.0,528.454
6,232,534.0,528.422
6,233,534.0,528.424
6,234,534.0,528.372
6,235,534.0,528.842
6,236,534.0,528.658
6,237,534.0,528.318
6,238,534.0,528.454
6,239,534.0,528.666
6,240,534.0,528.82
6,241,534.0,528.846
6,242,534.0,528.756
6,243,534.0,528.578
6,244,534.0,528.762
6,245,534.0,528.83
6,246,534.0,528.892
6,247,534.0,528.616
6,248,534.0,528.892
6,249,534.0,528.814
6,250,534.0,528.492
6,251,534.0,528.602
6,252,534.0,528.776
6,253,534.0,528.738
6,254,534.0,528.89
6,255,534.0,528.724
6,256,534.0,528.67
6,257,534.0,528.506
6,258,534.0,528.63
6,259,534.0,528.85
6,260,534.0,528.994
6,261,534.0,528.938
6,262,534.0,528.73
6,263,534.0,528.344
6,264,534.0,528.34
6,265,534.0,528.292
6,266,534.0,528.734
6,267,534.0,528.866
6,268,534.0,528.834
6,269,534.0,528.69
6,270,534.0,529.002
6,271,534.0,528.6
6,272,534.0,528.37
6,273,534.0,528.824
6,274,534.0,528.714
6,275,534.0,528.46
6,276,534.0,528.526
6,277,534.0,528.542
6,278,534.0,528.478
6,279,534.0,528.326
6,280,534.0,528.15
6,281,534.0,528.04
6,282,534.0,528.13
6,283,534.0,528.18
6,284,534.0,528.0
6,285,534.0,528.076
6,286,534.0,528.334
6,287,534.0,528.186
6,288,534.0,528.256
6,289,534.0,528.144
6,290,534.0,528.3
6,291,534.0,528.602
6,292,534.0,528.33
6,293,534.0,528.276
6,294,534.0,528.746
6,295,534.0,528.468
6,296,534.0,528.578
6,297,534.0,528.446
6,298,534.0,528.288
6,299,534.0,528.494
6,300,534.0,528.38
6,301,534.0,528.42
6,302,534.0,528.322
6,303,534.0,528.21
6,304,534.0,528.444
6,305,534.0,528.442
6,306,534.0,528.614
6,307,534.0,528.7
6,308,534.0,528.714
6,309,534.0,528.516
6,310,534.0,528.56
6,311,534.0,528.588
6,312,534.0,528.616
6,313,534.0,528.624
6,314,534.0,528.47
6,315,534.0,528.678
6,316,534.0,528.738
6,317,534.0,528.662
6,318,534.0,528.802
6,319,534.0,528.548
6,320,534.0,528.618
6,321,534.0,528.534
6,322,534.0,528.29
6,323,534.0,528.3
6,324,534.0,528.5
6,325,534.0,528.594
6,326,534.0,528.392
6,327,534.0,528.066
6,328,534.0,528.378
6,329,534.0,528.554
6,330,534.0,528.306
6,331,534.0,528.274
6,332,534.0,528.222
6,333,534.0,528.226
6,334,534.0,528.122
6,335,534.0,528.444
6,336,534.0,528.658
6,337,534.0,528.624
6,338,534.0,528.598
6,339,534.0,528.99
6,340,534.0,528.944
6,341,534.0,529.048
6,342,534.0,528.988
6,343,534.0,528.842
6,344,534.0,528.574
6,345,534.0,528.418
6,346,534.0,528.308
6,347,534.0,528.232
6,348,534.0,528.246
6,349,534.0,528.578
6,350,534.0,528.622
6,351,534.0,528.404
6,352,534.0,528.432
6,353,534.0,528.398
6,354,534.0,528.462
6,355,534.0,528.292
6,356,534.0,528.51
6,357,534.0,528.556
6,358,534.0,528.552
6,359,534.0,528.56
6,360,534.0,528.408
6,361,534.0,528.594
6,362,534.0,528.49
6,363,534.0,528.476
6,364,534.0,528.65
6,365,534.0,528.408
6,366,534.0,528.486
6,367,534.0,528.34
6,368,534.0,528.38
6,369,534.0,528.314
6,370,534.0,528.246
6,371,534.0,528.136
6,372,534.0,528.206
6,373,534.0,528.268
6,374,534.0,528.012
6,375,534.0,528.3
6,376,534.0,528.282
6,377,534.0,528.382
6,378,534.0,528.586
6,379,534.0,528.586
6,380,534.0,528.452
6,381,534.0,528.378
6,382,534.0,528.388
6,383,534.0,528.616
6,384,534.0,528.374
6,385,534.0,528.31
6,386,534.0,528.552
6,387,534.0,528.382
6,388,534.0,528.392
6,389,534.0,527.942
6,390,534.0,527.93
6,391,534.0,527.862
6,392,534.0,528.24
6,393,534.0,528.104
6,394,534.0,527.984
6,395,534.0,528.318
6,396,534.0,528.746
6,397,534.0,528.588
6,398,534.0,528.69
6,399,534.0,528.634
6,400,534.0,528.812
6,401,534.0,528.82
6,402,534.0,529.068
6,403,534.0,528.982
6,404,534.0,528.998
6,405,534.0,529.052
6,406,534.0,529.34
6,407,534.0,529.644
6,408,534.0,529.372
6,409,534.0,529.146
6,410,534.0,529.078
6,411,534.0,528.946
6,412,534.0,528.77
6,413,534.0,528.45
6,414,534.0,528.27
6,415,534.0,528.338
6,416,534.0,528.224
6,417,534.0,528.304
6,418,534.0,528.264
6,419,534.0,528.35
6,420,534.0,528.516
6,421,534.0,528.536
6,422,534.0,528.506
6,423,534.0,528.594
6,424,534.0,528.724
6,425,534.0,528.614
6,426,534.0,528.536
6,427,534.0,528.474
6,428,534.0,528.412
6,429,534.0,528.554
6,430,534.0,528.398
6,431,534.0,528.344
6,432,534.0,528.306
6,433,534.0,528.276
6,434,534.0,528.29
6,435,534.0,528.39
6,436,534.0,528.546
6,437,534.0,528.734
6,438,534.0,528.326
6,439,534.0,528.262
6,440,534.0,528.262
6,441,534.0,528.276
6,442,534.0,528.502
6,443,534.0,528.254
6,444,534.0,528.366
6,445,534.0,528.53
6,446,534.0,528.516
6,447,534.0,528.64
6,448,534.0,528.422
6,449,534.0,528.408
6,450,534.0,528.424
6,451,534.0,528.276
6,452,534.0,528.236
6,453,534.0,528.382
6,454,534.0,528.286
6,455,534.0,528.37
6,456,534.0,528.49
6,457,534.0,528.676
6,458,534.0,528.49
6,459,534.0,528.44
6,460,534.0,528.31
6,461,534.0,528.39
6,462,534.0,528.578
6,463,534.0,528.838
6,464,534.0,529.188
6,465,534.0,529.004
6,466,534.0,528.874
6,467,534.0,528.788
6,468,534.0,528.694
6,469,534.0,528.92
6,470,534.0,529.014
6,471,534.0,528.826
6,472,534.0,528.892
6,473,534.0,528.756
6,474,534.0,528.9
6,475,534.0,529.04
6,476,534.0,528.782
6,477,534.0,528.736
6,478,534.0,528.708
6,479,534.0,528.588
6,480,534.0,528.694
6,481,534.0,528.878
6,482,534.0,528.702
6,483,534.0,528.596
6,484,534.0,528.662
6,485,534.0,528.682
6,486,534.0,528.508
6,487,534.0,528.512
6,488,534.0,528.526
6,489,534.0,528.586
6,490,534.0,528.792
6,491,534.0,529.038
6,492,534.0,528.92
6,493,534.0,528.844
6,494,534.0,528.774
6,495,534.0,528.608
6,496,534.0,528.708
6,497,534.0,528.616
6,498,534.0,528.526
6,499,534.0,528.528
7,0,494.0,470.612
7,1,498.0,474.414
7,2,498.0,476.648
7,3,499.0,478.488
7,4,499.0,480.896
7,5,501.0,482.696
7,6,501.0,485.028
7,7,504.0,486.356
7,8,504.0,487.85
7,9,508.0,488.878
7,10,508.0,490.154
7,11,507.0,491.868
7,12,509.0,493.012
7,13,508.0,494.492
7,14,513.0,495.488
7,15,512.0,496.838
7,16,511.0,498.336
7,17,514.0,499.784
7,18,515.0,500.702
7,19,515.0,501.798
7,20,513.0,502.59
7,21,522.0,503.522
7,22,519.0,504.318
7,23,517.0,505.324
7,24,521.0,505.934
7,25,521.0,506.784
7,26,521.0,508.058
7,27,520.0,508.82
7,28,524.0,509.918
7,29,524.0,511.238
7,30,522.0,512.032
7,31,523.0,512.73
7,32,523.0,513.472
7,33,524.0,513.932
7,34,525.0,514.316
7,35,524.0,515.054
7,36,526.0,515.35
7,37,525.0,515.724
7,38,525.0,516.334
7,39,528.0,516.652
7,40,526.0,516.874
7,41,526.0,517.644
7,42,527.0,518.084
7,43,528.0,518.644
7,44,528.0,519.068
7,45,529.0,519.596
7,46,529.0,519.966
7,47,528.0,520.38
7,48,529.0,520.492
7,49,529.0,520.648
7,50,530.0,521.312
7,51,529.0,521.502
7,52,529.0,521.804
7,53,530.0,522.138
7,54,530.0,522.206
7,55,530.0,522.216
7,56,531.0,522.344
7,57,531.0,522.476
7,58,530.0,522.924
7,59,531.0,523.06
7,60,531.0,523.428
7,61,531.0,523.416
7,62,531.0,523.534
7,63,531.0,523.712
7,64,532.0,523.932
7,65,531.0,523.976
7,66,532.0,524.168
7,67,532.0,524.216
7,68,531.0,524.504
7,69,532.0,524.892
7,70,531.0,524.748
7,71,531.0,524.714
7,72,532.0,524.866
7,73,532.0,525.014
7,74,532.0,525.05
7,75,531.0,525.328
7,76,532.0,525.398
7,77,532.0,525.282
7,78,533.0,525.524
7,79,532.0,525.73
7,80,533.0,525.926
7,81,532.0,526.04
7,82,532.0,526.244
7,83,532.0,526.274
7,84,532.0,526.242
7,85,532.0,526.534
7,86,532.0,526.468
7,87,533.0,526.48
7,88,532.0,526.374
7,89,532.0,526.284
7,90,533.0,526.406
7,91,532.0,526.108
7,92,532.0,526.172
7,93,532.0,526.046
7,94,533.0,526.188
7,95,533.0,526.374
7,96,534.0,526.534
7,97,533.0,526.738
7,98,533.0,526.696
7,99,533.0,526.512
7,100,533.0,526.634
7,101,533.0,526.656
7,102,533.0,526.638
7,103,533.0,526.496
7,104,533.0,526.786
7,105,534.0,527.064
7,106,533.0,527.15
7,107,533.0,527.052
7,108,533.0,526.976
7,109,534.0,526.962
7,110,533.0,527.192
7,111,533.0,527.374
7,112,533.0,527.24
7,113,534.0,527.322
7,114,534.0,527.248
7,115,534.0,527.186
7,116,534.0,527.17
7,117,534.0,527.416
7,118,534.0,527.634
7,119,533.0,527.646
7,120,534.0,527.572
7,121,534.0,527.58
7,122,534.0,527.75
7,123,534.0,527.608
7,124,534.0,527.748
7,125,534.0,527.994
7,126,534.0,527.918
7,127,534.0,527.87
7,128,534.0,527.932
7,129,534.0,527.776
7,130,534.0,527.894
7,131,534.0,527.918
7,132,534.0,527.996
7,133,534.0,527.926
7,134,534.0,528.294
7,135,534.0,528.388
7,136,534.0,528.124
7,137,534.0,527.544
7,138,534.0,527.906
7,139,534.0,528.004
7,140,534.0,528.114
7,141,534.0,527.96
7,142,534.0,527.93
7,143,534.0,528.164
7,144,534.0,528.314
7,145,534.0,528.16
7,146,534.0,528.322
7,147,534.0,528.292
7,148,534.0,527.988
7,149,534.0,527.86
7,150,534.0,527.742
7,151,534.0,528.106
7,152,534.0,528.09
7,153,534.0,528.07
7,154,534.0,528.05
7,155,534.0,527.946
7,156,534.0,528.002
7,157,534.0,528.104
7,158,534.0,528.068
7,159,534.0,528.092
7,160,534.0,528.026
7,161,534.0,528.354
7,162,534.0,528.374
7,163,534.0,528.686
7,164,534.0,528.732
7,165,534.0,528.662
7,166,534.0,528.818
7,167,534.0,528.862
7,168,534.0,528.724
7,169,534.0,528.542
7,170,534.0,528.28
7,171,534.0,528.076
7,172,534.0,528.192
7,173,534.0,528.012
7,174,534.0,528.048
7,175,534.0,528.28
7,176,534.0,528.316
7,177,534.0,528.598
7,178,534.0,528.576
7,179,534.0,528.782
7,180,534.0,528.816
7,181,534.0,528.864
7,182,534.0,528.786
7,183,534.0,528.666
7,184,534.0,528.77
7,185,534.0,529.006
7,186,534.0,528.872
7,187,534.0,528.864
7,188,534.0,529.044
7,189,534.0,529.016
7,190,534.0,528.95
7,191,534.0,529.04
7,192,534.0,528.876
7,193,534.0,528.892
7,194,534.0,528.996
7,195,534.0,528.898
7,196,534.0,528.814
7,197,534.0,528.646
7,198,534.0,528.6
7,199,534.0,528.778
7,200,534.0,528.48
7,201,534.0,528.662
7,202,534.0,528.64
7,203,534.0,528.646
7,204,534.0,528.446
7,205,534.0,528.656
7,206,534.0,528.604
7,207,534.0,528.714
7,208,534.0,528.68
7,209,534.0,528.72
7,210,534.0,528.744
7,211,534.0,528.986
7,212,534.0,528.574
7,213,534.0,528.464
7,214,534.0,528.522
7,215,534.0,528.44
7,216,534.0,528.626
7,217,534.0,528.908
7,218,534.0,528.57
7,219,534.0,528.45
7,220,534.0,528.462
7,221,534.0,528.728
7,222,534.0,528.4
7,223,534.0,528.542
7,224,534.0,528.672
7,225,534.0,528.56
7,226,534.0,528.496
7,227,534.0,528.04
7,228,534.0,528.218
7,229,534.0,528.264
7,230,534.0,528.508
7,231,534.0,528.516
7,232,534.0,528.422
7,233,534.0,528.482
7,234,534.0,528.41
7,235,534.0,528.464
7,236,534.0,528.368
7,237,534.0,528.132
7,238,534.0,528.028
7,239,534.0,527.966
7,240,534.0,528.072
7,241,534.0,527.892
7,242,534.0,528.152
7,243,534.0,528.318
7,244,534.0,528.398
7,245,534.0,528.47
7,246,534.0,528.38
7,247,534.0,528.396
7,248,534.0,528.474
7,249,534.0,528.65
7,250,534.0,528.642
7,251,534.0,528.686
7,252,534.0,528.39
7,253,534.0,528.162
7,254,534.0,528.302
7,255,534.0,528.16
7,256,534.0,527.994
7,257,534.0,527.862
7,258,534.0,527.942
7,259,534.0,528.012
7,260,534.0,527.966
7,261,534.0,528.122
7,262,534.0,528.068
7,263,534.0,528.032
7,264,534.0,528.026
7,265,534.0,528.082
7,266,534.0,527.922
7,267,534.0,527.862
7,268,535.0,527.918
7,269,534.0,528.178
7,270,534.0,528.442
7,271,534.0,528.442
7,272,534.0,528.416
7,273,534.0,528.494
7,274,534.0,528.324
7,275,534.0,528.234
7,276,534.0,528.146
7,277,534.0,528.276
7,278,534.0,528.306
7,279,534.0,528.058
7,280,534.0,528.242
7,281,534.0,528.232
7,282,534.0,528.244
7,283,534.0,528.402
7,284,534.0,528.834
7,285,534.0,528.516
7,286,534.0,528.62
7,287,534.0,528.406
7,288,534.0,528.564
7,289,534.0,528.374
7,290,534.0,527.948
7,291,534.0,527.996
7,292,534.0,528.052
7,293,534.0,528.024
7,294,534.0,528.148
7,295,534.0,528.342
7,296,534.0,528.426
7,297,534.0,528.608
7,298,534.0,528.602
7,299,534.0,528.576
7,300,534.0,528.734
7,301,534.0,528.808
7,302,534.0,528.488
7,303,534.0,528.484
7,304,534.0,528.538
7,305,534.0,528.43
7,306,534.0,528.278
7,307,534.0,528.034
7,308,534.0,528.176
7,309,534.0,528.228
7,310,534.0,528.428
7,311,534.0,528.544
7,312,534.0,528.692
7,313,534.0,528.564
7,314,534.0,528.63
7,315,534.0,528.716
7,316,534.0,528.638
7,317,534.0,528.342
7,318,534.0,528.352
7,319,534.0,528.438
7,320,534.0,528.294
7,321,534.0,528.434
7,322,534.0,528.566
7,323,534.0,528.608
7,324,534.0,528.682
7,325,534.0,528.41
7,326,534.0,528.466
7,327,534.0,528.498
7,328,534.0,528.726
7,329,534.0,528.774
7,330,534.0,528.834
7,331,534.0,528.984
7,332,535.0,528.516
7,333,535.0,528.392
7,334,535.0,528.492
7,335,534.0,528.674
7,336,534.0,528.674
7,337,534.0,528.638
7,338,534.0,528.366
7,339,534.0,528.252
7,340,534.0,528.188
7,341,534.0,528.12
7,342,534.0,528.282
7,343,534.0,528.438
7,344,534.0,528.206
7,345,534.0,528.08
7,346,534.0,527.984
7,347,534.0,528.092
7,348,534.0,528.474
7,349,534.0,528.428
7,350,534.0,528.4
